lyrics;287
karaoke;181
piano;102
james taylor;1
cover;197
live;271
instrumental karaoke;1
guitar;58
walkin' (1966 original);1
walking' cruella ost;1
(1966).hd;1
walkin' audio;1
video;6
(skeewiff remix);1
walkin' hq;1
walkin' lyrics;1
;83
reaction;144
minions;2
anthology;4
remastered;38
instrumental;95
remix;141
hq;50
album;22
full album;33
subtitulada;11
feelin' feat subtitulada;1
legendado;1
slowed;20
piano tutorial;14
silver linings playbook;1
songtext deutsch;1
chords;38
text;50
1954;1
movie;7
at heart;1
heart;1
guitar cover;24
live ed sullivan;1
help movie;1
guitar lesson;57
youtube;8
übersetzung;21
soundtrack;3
rain;1
revolution;1
rain tour;1
haze live (1967);1
haze lyrics;1
purple haze remastered;1
purple haze (music video);1
purple haze (audio);1
what's happening brother;1
deutsche übersetzung;31
50 shades of grey;1
bedeutung;3
extended version;10
live 2018;2
closer (slowed + reverb);1
closer (wiz khalifa remix);1
closer (vip remix);1
closer parody reaction;1
closer (karaoke version);1
closer (justin caruso remix);1
closer from suicide squad;1
acoustic;25
tiktok;5
drum cover;6
live wacken;1
jumpin jive;1
reefer man;1
moonwalk;1
betty boop;1
dancing;5
st james infirmary remix;1
interview;12
live sao paulo;2
(stereo version);1
tom jobim - desafinado;1
cifra;1
gilberto;3
deutsch;18
gilberto & joão gilberto;1
decca;1
original;19
printing press;2
extended;6
bass;19
slowed version;1
lyrics deutsch;15
guitar tutorial;6
live 1973;3
backing track;2
drill;2
from the other side;1
metal cover;2
dynasty;1
denver clan;1
julia;1
todesursache;1
matt bomer;1
2019;2
yours cover;1
subtitulada español;9
feat. stevie wonder;1
);1
(remastered) (remastered);1
my head (1969.);1
to me;1
billy preston lyrics;1
preston/joe cocker;1
traducao;1
traducida;3
valle (instrumental);1
- samba de verão;1
valle;1
brasil 66;3
magalenha;3
timeless;3
feat. black eyed peas - mas que nada;3
brasil 66 full album;3
brasileiro;3
scarborough fair;3
if i wanted to;1
carlton dance;1
the voice;7
mars attacks;1
bass tabs;1
disco;3
hochzeitstanz;1
wedding dance;1
live 1966 royal albert hall;1
live 1966;4
1966;1
you;1
drum solo;1
reh;1
lil kim;1
soul train;1
royal albert hall;2
maxi;3
live 1993;1
101;1
beatmasters remix;1
(force sonic remix);1
(remastered 2009) text;1
official video;15
audio hq;4
remastered 2009;5
unplugged;4
woodstock;1
tradução;4
obama;1
carry that weight;1
slumbers;1
original version;3
stereo;8
jacklndn remix;1
be (the magician remix);1
be 1시간;1
kurt cobain;1
vinyl;10
city (1966);1
topic;3
nightcore;1
lofi;1
take 7;1
meme;3
andere versionen dieses titels;2
meaning;4
making of;2
dance;4
4k;2
preacher man remix;1
preacher man cover;1
preacher man live;1
preacher man bass cover;1
preacher man lyrics;1
a preacher man (official audio);1
preacher man acoustic;1
preacher man karaoke;1
muppets;2
i got the sun in the morning;2
there's no business like show business;2
i got rhythm;4
airplane;2
anything goes;2
disco album;2
trust in me;1
winnie the pooh;1
twilight zone;1
voices;1
andy griffith;1
kaa;1
just so stories;1
gitarre;8
tiktok version;1
remix tik tok;1
audio;5
3;2
1 2 3;1
2 live;1
john lennon;1
playboys;1
kismet;1
oh what a beautiful morning;1
kiss me kate;1
oklahoma;1
so in love;1
tomorrow live;1
tomorrow reaction;1
tomorrow cover;1
tomorrow (top quality + lyrics);1
abbey road;1
alfie;1
(pet sounds);1
demo;4
eyes;2
james bond;2
single version;1
karaoke lower key;2
puttin on the ritz;1
singing in the rain;3
und ginger rogers;1
rita hayworth;1
gene kelly;1
michael jackson;1
adam brock;1
oscars 1970;1
run dmc;1
dmc;1
nelson;1
spence;1
nelson on the road again;1
jones;1
nelson always on my mind;1
colon;1
nelson city of new orleans;1
wow;1
(live/1964);1
rolling thunder;1
harmonica;1
reaction live river plate;1
returned a-440 version;1
as time goes by;2
let's do it;1
makin whoopee;1
deep night;1
winchester cathedral;1
vagabond lover;1
you oughta be in pictures;1
live in japan;1
live 1972;1
wacken 2013;1
lieberman;1
song 1972;1
buddy rich drum battle;1
sing sing sing 1937;1
drummer man;1
story;1
drum boogie 1941;1
and his orchestra;2
disc jockey jump;1
(1962) lyrics;1
wikipedia;2
jools holland;1
love you;1
love you lyrics;1
love you live;1
love you album;1
love you slowed;1
love you extended;1
love you karaoke;1
love you 1968;1
be our guest;1
song;2
mormon tabernacle choir;1
oscars;1
tanz;1
(alternate mix);1
lyrics deutsche übersetzung;1
- remastered 2009;1
tutorial;2
denizen tenant;1
toto;1
liberty man;1
lion king;1
remember her;1
going home;1
michael brecker;1
1936;1
parts 1 & 2;1
good morning;2
filme deutsch komplett;2
attorney;2
fred astaire;2
german version;1
yeah yeah yeah;1
a hard day's night;2
live 2017;1
four live;1
four lyrics;1
four karaoke;1
four subtitulada español;1
four piano;1
acoustic karaoke;1
deutsche version;1
christiane f;1
german;2
monterey pop;1
aretha franklin;1
live 1983;2
1988 remix;1
lupin;1
duet natalie;1
tochter;1
2016 remastered;1
now) (official music video);1
now) lyrics;1
now) karaoke version;1
now) subtitulada español;1
now) tradução;1
at me now);1
collins;1
baden powell;1
moraes;1
canto de ossanha;1
letra;3
violao;1
coral;1
hello frisco hello;1
rock;1
solo;4
kennedy center;1
subtitulada en español;4
mono;2
the sky is blue;1
isolated vocals;1
español;1
for (r3hab & henry fong remix);1
lesson;1
film;7
letra traducida;1
love tradução;1
hd;1
battlefield vietnam;1
1960;2
orbach;1
heartaches;1
titel;1
with lyrics;2
the girl can't help it;1
v for vendetta;1
slowed tiktok;1
1 hour;3
8d;1
singing;4
astaire dancing;1
paz;1
mimi & josefin;1
1930;1
in georgia;1
1970;2
mind;1
deer hunter;1
(2007 remaster) text;1
(2007 remaster);1
(2007 remaster) weitere aufnahmen;1
live 1974;1
mtv unplugged;1
jimi hendrix;1
(1964);1
2018;1
1965;2
1958;1
exezor;1
live 1994;1
ed sullivan;2
bass cover;7
egyptian orchestra;1
stadium;1
stadion;1
live new york 2018;1
(a cowboy legend);1
ives lyrics;1
smith;2
and colby;2
pepper;2
ryder;2
pilgrim;2
fender;2
cooke;2
and colby prank;2
of fame;1
of fame piano;1
of the mountain king;1
and oates;1
of fame lyrics;1
effekt;1
of fame rezo;1
of fame remix;1
english subtitles;1
lyrics english;1
paroles;3
spooky;1
begin the beguine;1
knight rider;1
day june;1
day june wakes up;1
knight;1
day june kidnaps roy;1
june;1
lucky instrumental;1
lucky karaoke;1
lucky (official video);1
lucky remix;1
lucky lyrics;1
williams;1
pharrell williams;1
lucky en español;1
in love with you lyrics;1
hard day's night;1
across the universe;2
piano ending;1
gloria grafton;1
mull of kintyre;1
2021;2
hope of deliverance;1
yesterday;1
rihanna;1
wings;1
helium;1
lyrics übersetzung deutsch;1
keinohrhasen version;1
full album remastered 2009;1
parlophone pcs 3042;1
ed sullivan show;4
1966 original audio;1
candy girl;1
disco purrfection;1
pulse;1
guitar solo;1
pompeii;1
acapella;5
tanz lernen deutsch;1
mix;1
pump mix;1
a whole new world;1
one jump ahead;1
aladdin;1
lea salonga;1
songs;3
proud of your boy;1
and lea salonga moments;1
2;1
1956;1
don gibson;1
2004;1
live in denmark 2006;1
live reaction;1
subway;1
symphony orchestra;1
featuring james ingram;1
bebe winans;1
chaka khan;1
and fire;1
and fire boogie wonderland;1
and feiern;1
and fire fantasy;1
and fire weekend;1
and fire live;1
and fire ziemlich beste freunde;1
and fire dance;1
being alive;1
maria;1
something's coming;1
west side story;1
what's my line;2
company;1
anhören;3
robin hood;1
lyrics in spanish;1
robin hood video;1
1967;1
live 1968;1
live 1965;1
live 1981;1
königin silvia;1
reality tour;1
movies;3
composer;1
minnie the moocher;1
soprano;1
ciribiribin;1
siboney;1
depuis le jour;1
opera singer;1
home;1
1957;1
snow;1
snow live;1
snow patience and fortitude;1
it should've been me;1
- let your hair down;1
tell me something good;1
straighten up;1
funky music sho nuff turns me on;1
stay a little longer;1
it should've been me lyrics;1
frenchcore;1
choir;1
hardstyle;2
orgel;1
minecraft;1
yellow submarine;1
music video;2
take 1;1
remix);1
remix) download;1
isolated bass;2
bass tab;1
rock band;2
live 1970;1
(igor sensor mix);1
garota de ipanema com letra;1
brazil;1
a felicidade;1
desafinado;1
elis regina;1
garota de ipanema original;1
with kaleidoscope eyes;1
radio edit;1
techno;1
karaoke higher key;1
worum geht es;1
psrn bhutvxs;1
k3jdxh391eu;1
parkinson;1
baby;1
rain original 1962;1
white house;1
alternate;1
don't know why;1
the secret sun;1
and the ferdinandos;1
norah jones;1
why jesse harris;1
jesse singal;1
harris;1
johnny logan;1
the collection;1
josh groban;1
brian kennedy;1
mortes lilya;1
(autumn leaves);1
go lyrics;1
1928;1
tabs;2
live slane castle;1
live 1984;1
slane castle;1
and tears;1
and tears bts live;1
and tears bts reaction;1
and tears live;1
and tears bts slowed;1
and tears spinning wheel;1
and tears x streets;1
and tears teaser;1
love the reflex revision;1
guitar chords;1
gitarre lernen;2
(volare);1
sanremo 1958;1
volare più testo;1
testo;1
eurovision;1
live oscars 2013;1
live 1986 hd;1
john mayer;1
elton john;1
tour;1
live london;1
what a wonderful world;1
la vie en rose;1
hello dolly;1
trumpet solo;1
mack the knife;1
what a wonderful world lyrics;1
you español;1
big time rush;1
do) lyrics;1
do) hd;1
alto sax;1
do) subtitulada español;1
do) tradução;1
cross;1
making of documentary;1
live paris 1999;1
bbc;1
fever;1
john;1
igit;1
phoenix- legendas pt - tradução;1
challenge;1
there (1970);1
official music video;3
1913;1
glazer;1
wilson;1
jane;1
fifa 21;1
eriksen;1
goal;1
renee;1
twins;1
explain (live 1958);1
don't explain lyrics;1
ezio pinza;1
blue;1
karaoke piano;1
1982;1
duet;1
vince gill;1
gold lou;1
gold lou and andre;1
single;1
banjo;1
long version;1
my mind;1
hartford;1
tracks of my tears;1
cruisin;1
being with you;1
just to see her;1
ooh baby baby;1
and the miracles;1
you really got a hold on me;1
i second that emotion;1
carnegie hall;1
a star is born;1
outtakes;1
live aid;2
barquinho;1
johnny carson;1
on carson 1974;1
jack carson;1
(single version);1
(single version) lyrics;1
mckenzie;1
live 1985;1
original lyrics;2
live 1976;1
original live;1
hq audio;1
(evergreen) (1976);1
– barbra streisand;1
1977;1
film deutsch;1
full movie;2
funny moments;1
thor;1
saxophone;1
my extended version;1
beverly hills cop;1
- the touring years;1
- the touring years (2016) full movie;1
arte;1
documentary;1
salsa;1
schildkröte;1
here;1
mandel piano;1
in the way she moves;1
black 2;1
loops haul;1
montana;1
black bushido;1
and cher;1
fodera;1
liston;1
black album;1
klavier;1
football;1
and the bachelor;1
and the bachelor full movie;1
(1957);1
tomorrow never knows;1
mash;1
luck be a lady;1
alan alda;2
live broadcast 1967;1
muffoxx remix lyrics;1
clarity (muffoxx edit);1
clarity 1 hour;1
clarity (lyrics);1
clarity (vicetone remix);1
clarity (andrew rayel remix);1
clarity (muffoxx edit) lyrics;1
clarity (brillz remix);1
trailer;2
trailer deutsch;1
original video;1
jim carrey;1
fire tradução;1
filme deutsch;1
asia;1
musiker;1
columbo;1
band;1
full movies;2
titanium (future rave remix);1
(a-mase's ibiza sunset remix);1
titanium remix;1
titanium (alesso remix);1
feat sia;1
bay (official video) lyrics;1
bay remastered;1
karaoké;1
bay (official music video);1
traduzione italiano;1
bay letra en español;1
on a sunday afternoon;1
groovin' (1967);1
calamity jane;1
isolated guitar;1
delilah;1
sub;1
portuguese version;1
salsa version;1
live 1990;1
donington;1
dance mix;1
1939;1
my favorite things;1
peter pan;1
sound of music;1
darkly;1
picture;1
dakla;1
south pacific;1
kennedy center honors;1
1929;1
felix jaehn remix;1
& the all stars;1
& the all stars - shotgun;1
these eyes;1
and the allstars roadrunner;1
walk in the night;1
way back home;1
shake and fingerpop;1
cleo's mood;1
recipe malayalam;1
if original 1971;1
make the world go away;1
green acres;1
tarawa;1
why ask;1
fight club;1
wembley 1986;1
1932;1
1932 cole porter;1
shaggy;1
88;1
joe;1
live ed sullivan 1964;1
tonight;1
interpretation;1
cher;1
subtitulado;1
there is to that;1
male cover;1
ao vivo;1
changin lyrics;1
changin watchmen;1
changin guitar lesson;1
changin live;1
changin full album;1
changin cover;1
changin lyrics deutsch;1
changin instrumental;1
eminem;1
1981;1
cats;1
paige reprise;1
paige live;1
sax cover;1
1911;1
1926;1
analysis;1
lyrics karaoke;1
live 2013;1
the merry mailman;1
hell freezes over;1
remastered stereo;1
original single version mono;1
pete best;1
version original 1964;1
remix 2018;1
this is me live;1
the greatest showman;1
oscar performance;1
this is me reaction;1
& the greatest showman ensemble this is me;1
– this is me;1
this is me oscars;1
luis miguel;1
live at the sands;1
question of honor;1
andrea bocelli;1
& andrea bocelli - time to say goodbye;1
deliver me;1
fly;1
hymn;1
this love;1
running;1
sale;1
valentine;1
me;1
que vais-je faire;1
maintenant;1
flying home;1
hey ba ba re bop;1
the mess is here;1
stardust;1
- it don't mean a thing (club mix);1
how high the moon;1
flashmob;1
live 2008;1
sm;1
(radio edit);1
1961;1
