work_id;performance_id;bin;artist;title;language
2968;2968;1;Hoagy Carmichael and His Orchestra;Georgia on My Mind;English
11819;11821;1;Jo Stafford with Paul Weston and His Orchestra;Out of This World;English
9271;229140;1;Roland Gerbeau - Orchestre Pierre Guillermin;La mer;French
13204;13204;1;Carole King;You've Got a Friend;English
6437;6437;1;Nancy Sinatra;These Boots Are Made for Walkin';English
10788;10788;1;The Beatles;Got to Get You into My Life;English
5724;5724;1;Julee Cruise;Falling;English
20120;20120;1;Frank Sinatra;In the Wee Small Hours of the Morning;English
131020;260220;1;Nell Carrington;I'm Forever Blowing Bubbles;English
775;775;1;The Righteous Brothers;You've Lost That Lovin' Feelin';English
6453;6453;1;Theodore Bikel and Mary Martin;Edelweiss;English
12972;12972;1;Stevie Wonder;Don't You Worry 'Bout a Thing;English
71702;155865;1;Ray Noble and His Orchestra featuring Tony Martin;I Hadn't Anyone 'Till You;English
1478;1478;1;The Beatles;A Day in the Life;English
29060;29060;1;Isham Jones and His Orchestra;There Is No Greater Love;English
10576;239449;1;Herb Jeffries with Buddy Baker and His Orchestra;Angel Eyes;English
40120;40120;1;Janet Leigh [dubbed by Jackie Ward];A Time for Love;English
59952;229671;1;Lew Stone and His Band;Red Sails in the Sunset;English
4835;4835;1;Frank Sinatra;Young at Heart;English
2474;2474;1;The Beatles;Ticket to Ride;English
20414;20414;1;Simon and Garfunkel;Cecilia;English
10237;10237;1;The Monkees;Daydream Believer;English
17671;17671;1;Prince and The Revolution;Purple Rain;English
112910;120330;1;Eva Taylor, accomp. by Clarence Williams Blue Five;If I Could Be with You (One Hour Tonight);English
132987;273591;1;Ella Fitzgerald - Orchestra conducted by Buddy Bregman;A Beautiful Friendship;English
209;209;1;Jimi Hendrix Experience;Purple Haze;English
5438;418845;1;Hal Kemp and His Orchestra - Vocal Refrain by Skinny Ennis;A Foggy Day;English
3266;3266;1;Jules Bledsoe;Ol' Man River;English
35206;35206;1;Sydney Chaplin and Judy Holliday;Just in Time;English
34604;856524;1;Fred Astaire with Johnny Green and His Orchestra;Let's Call the Whole Thing Off;English
10745;10745;1;Morton Downey;For All We Know;English
11006;11006;1;Adelaide Hall;I Can't Give You Anything but Love (Baby);English
148;148;1;Henry Mancini and His Orchestra and Chorus;Moon River;English
3061;3061;1;The Temptations [US1];My Girl;English
9812;9812;1;Marvin Gaye;What's Going On;English
20541;434090;1;Tani Seitz;The Ballad of the Sad Young Men;English
32534;32534;1;Tex Ritter;High Noon (Do Not Forsake Me);English
7578;7578;1;Frank Sinatra;Witchcraft;English
867;867;1;Creedence Clearwater Revival;Proud Mary;English
5216;5216;1;Sam Cooke;A Change Is Gonna Come;English
20639;20639;1;The Stylistics;You Make Me Feel Brand New;English
56781;260034;1;Mrs. William Asher - Homer Rodeheaver;The Old Rugged Cross;English
156539;481769;1;The Chainsmokers ft. Halsey;Closer;English
12137;12137;1;Busby Berkeley and Joyce Barber;You Took Advantage of Me;English
142440;351320;1;Ipana Troubadours;Nagasaki;English
4702;4702;1;Ruby Elzy;My Man's Gone Now;English
144648;366483;1;Irving Kaufman;Little White Lies;English
7580;7580;1;Teddy Wilson and His Orchestra - Vocal Chorus Billie Holiday;Easy Living;English
113724;125846;1;Lady Gaga;Poker Face;English
125863;221513;1;Perry Como with Mitch Ayres and His Orchestra;(There's No Place Like) Home for the Holidays;English
12317;12317;1;Freddie Martin and His Orchestra;Close Your Eyes;English
89492;453810;1;Fiddlin' John Carson;John Henry;English
45783;45783;1;Kenny Baker [US1];Love Walked In;English
2271;2271;1;Iron Maiden;The Trooper;English
102577;121389;1;Cab Calloway & His Orchestra;I'll Be Around;English
998;998;1;The Beatles;Norwegian Wood (This Bird Has Flown);English
113615;125125;1;Coldplay;Fix You;English
20097;32552;1;The Paris Sisters;I Love How You Love Me;English
14354;26155;1;Cowboy Copas;Tennessee Waltz;English
1305;1305;1;The Supremes;You Keep Me Hangin' On;English
43012;43012;1;Billy Murray and Haydn Qartet with Orchestra;By the Light of the Silvery Moon;English
21528;21528;1;João Gilberto;Desafinado;Portuguese
4700;4700;1;Ginger Rogers and Allen Kearns;Embraceable You;English
68063;68063;1;Dorothy Squires with Orchestra directed by Billy Reid;I'll Close My Eyes;English
123591;205818;1;Isham Jones and His Orchestra;Nobody's Sweetheart;English
3264;3264;1;David Brooks and Marion Bell;Almost Like Being in Love;English
33251;200910;1;The Leighton Brothers;Frankie and Johnny;English
1033;1033;1;Elvis Presley;Don't Be Cruel;English
109642;296834;1;Frank Sinatra with Orchestra conducted by Nelson Riddle;Three Coins in the Fountain;English
32711;204506;1;Victor Young and His Orchestra - Vocal Chorus by Louanne Hogan;Too Young;English
4849;344723;1;Leo Reisman and His Orchestra;Alone Together;English
64513;64513;1;João Gilberto;Corcovado;Portuguese
30552;30552;1;Bing Crosby with Lennie Hayton and His Orchestra;Temptation;English
6693;6693;1;The Stylistics;People Make the World Go Round;English
10914;10914;1;Billie Holiday;Crazy He Calls Me;English
39520;39520;1;Pink Floyd;Us and Them;English
8203;8203;1;William Gaxton & Ethel Merman;I Get a Kick out of You;English
39783;39783;1;Isham Jones, Guest Conductor with Ray Miller's Orchestra;I'll See You in My Dreams;English
8824;8824;1;Stevie Wonder;I Was Made to Love Her;English
15300;15300;1;John Denver;Annie's Song;English
4694;4694;1;John W. Bubbles;It Ain't Necessarily So;English
3414;3414;1;Pink Floyd;Money;English
149519;402924;1;Adele;Hello;English
40419;138731;1;Gene Autry and The Cass County Boys;Frosty the Snow Man;English
6730;6730;1;Emma Carus;Alexander's Ragtime Band;English
40876;183548;1;Eva Taylor;Baby, Won't You Please Come Home;English
122183;190599;1;Harvey Hindermeyer;Take Me Out to the Ball Game;English
80336;80336;1;Jan Clayton and John Raitt with Carousel Orchestra under direction of Joseph Littau;If I Loved You;English
6031;6031;1;Ruby Hill, Harold Nicholas;Come Rain or Come Shine;English
26939;152253;1;Jill O'Hara and the Company;Good Morning Starshine;English
11534;271946;1;Gordon Jenkins and His Orchestra;My Foolish Heart;English
28784;28784;1;Diahann Carroll & Richard Kiley;The Sweetest Sounds;English
12255;12255;1;Fred Astaire with Leo Reisman and His Orchestra;Cheek to Cheek;English
11850;11850;1;Evelyn Hoey;April in Paris;English
92417;240211;1;Henry Burr;My Buddy;English
22948;22948;1;John Hundley & Lillian Taiz;With a Song in My Heart;English
98311;304295;1;Dorothy Maynor with Unaccompanied Male Choir;Go Tell It on the Mountain;English
1308;1308;1;Stevie Wonder;Signed, Sealed, Delivered I'm Yours;English
12031;12033;1;Frances Langford with Jimmy Dorsey and His Orchestra;I've Got You Under My Skin;English
12140;12140;1;Billie Holiday;Lover Man (Oh, Where Can You Be?);English
14662;14662;2;B.J. Thomas;Raindrops Keep Fallin' on My Head;English
41771;51068;2;Billy Preston;You Are So Beautiful;English
10212;10212;2;Eddy Arnold with Orchestra and Choir conducted by Charles Grean;You Don't Know Me;English
28184;463790;2;Bing Crosby with The Robert Mitchell Boys Choir;Swinging on a Star;English
13875;45558;2;Glenn Miller and His Orchestra;That Old Black Magic;English
10845;67922;2;Larry Clinton and His Orchestra - Vocal Refrain by Bea Wain;You Go to My Head;English
10846;212897;2;The Ambassadors [US2];It Had to Be You;English
99743;99743;2;Marcos Valle;Samba de Verão;Portuguese
117403;23107;2;Sergio Mendes & Brasil '66;Wave;English
2081;2081;2;The Rolling Stones;Honky Tonk Women;English
4812;492420;2;Freddy Martin and His Orchestra;Blame It on My Youth;English
6163;6163;2;Michael Jackson;I Can't Help It;English
111510;460366;2;Billy Eckstine - Orchestra conducted by Russ Case;Be My Love;English
38476;38476;2;James Ingram and Patti Austin;How Do You Keep the Music Playing?;English
54816;304727;2;Barbra Streisand;People;English
4655;4655;2;Tom Jones;It's Not Unusual;English
13440;13440;2;Cream;Sunshine of Your Love;English
19955;19955;2;Jack Jones;Wives and Lovers;English
98770;98770;2;Jackie Gleason;Call Me Irresponsible;English
134666;288542;2;Christina Perri;A Thousand Years;English
2393;2393;2;Bob Dylan;Like a Rolling Stone;English
4841;4841;2;Tamara;I'll Be Seeing You;English
4158;4158;2;Phil Collins;In the Air Tonight;English
25113;25113;2;Billy Paul;Me and Mrs. Jones;English
45675;45675;2;The Pine Ridge Boys;You Are My Sunshine;English
114394;129373;2;Marion Harris;I Ain't Got Nobody;English
34353;34353;2;Bob Crosby and His Orchestra;Fools Rush In;English
118543;161424;2;Adele;Rolling in the Deep;English
34086;34086;2;Depeche Mode;Behind the Wheel;English
83871;83871;2;Julie Andrews;Wouldn't It Be Loverly?;English
243;190379;2;Irving Kaufman;Always;English
5368;5368;2;The Beatles;The Long and Winding Road;English
64649;64649;2;Roberto Paiva w/ Luiz Bonfá on guitar and orchestra led by A.C. Jobim;Se Todos Fossem Iguais a Você;Portuguese
69073;203700;2;Vinicius de Moraes com Conjunto e Côro;Água de Beber;Portuguese
3447;3447;2;The Beatles;Day Tripper;English
114947;187814;2;Bob Thompson [US1];Who's Sorry Now?;English
4945;4945;2;Sting;Fields of Gold;English
8696;8696;2;Tim Hardin;If I Were a Carpenter;English
2911;321376;2;Claramae Turner;I Left My Heart in San Francisco;English
68472;491070;2;Vaughan's Texas Quartet;Wayfaring Stranger;English
3057;3057;2;Al Green;Let's Stay Together;English
6097;261801;2;Trash;Golden Slumbers;English
11471;510774;2;Connie Boswell;Lullaby of the Leaves;English
1894;1894;2;The Beatles;Let It Be;English
10849;294768;2;Al Bowlly;The Very Thought of You;English
17866;17866;2;The Jimi Hendrix Experience;Voodoo Child (Slight Return);English
112006;114927;2;William Frawley;My Melancholy Baby;English
10313;437698;2;Vincent Lopez and His Orchestra - Vocal Refrain by Stanley Worth;Let's Face the Music and Dance;English
6292;6292;2;The Police;Walking on the Moon;English
23165;23165;2;Survivor;Eye of the Tiger;English
64652;235595;2;Os Cariocas;Ela é Carioca;Portuguese
82146;82151;2;Ethel Waters with Edward Mallory and His Orchestra;Jeepers Creepers;English
3097;3097;2;Dobie Gray;"The ""In"" Crowd";English
25489;25489;2;Buddy Johnson and His Orchestra;Save Your Love for Me;English
140442;335574;2;Clean Bandit feat. Jess Glynne;Rather Be;English
20122;20122;2;[Unknown Studio Artists];Days of Wine and Roses;English
1616;1616;2;The Beatles;And I Love Her;English
6807;6807;2;The Lovin' Spoonful;Summer in the City;English
32408;1062243;2;Orquesta de Los Hermanos Domínguez;Perfidia;Spanish
12135;295670;2;Paul Whiteman and His Orchestra;Ramona;English
47639;47639;2;Bobby Helms;Jingle Bell Rock;English
9704;9704;2;William O'Neal;Softly, as in a Morning Sunrise;English
39055;108526;2;Bobby Vee with The Johnny Mann Singers;Go Away Little Girl;English
4829;4829;2;Vivienne Segal;Bewitched, Bothered and Bewildered;English
7247;7247;2;Bee Gees;How Deep Is Your Love;English
10906;130151;2;Barbara Cook and Robert Preston;Till There Was You;English
4751;4751;2;Jerry Orbach and Jill O'Hara;I'll Never Fall in Love Again;English
114712;213106;2;Margaret Whiting;The End of a Love Affair;English
2930;2930;2;The Beatles;Strawberry Fields Forever;English
67609;67609;2;Ben Bernie and His Hotel Roosevelt Orchestra;Sweet Georgia Brown;English
69914;69914;2;Swing and Sway with Sammy Kaye;Blueberry Hill;English
6093;6093;2;The Beatles;Here, There and Everywhere;English
111906;113949;2;Abe Lyman and His California Orchestra - Vocal Chorus by Gracie Barrie;I Cover the Waterfront;English
26;26;2;a-ha;Take on Me;English
115054;135628;2;Harry Simeone Chorale;Do You Hear What I Hear?;English
2085;2085;2;The Rolling Stones;Wild Horses;English
4814;4814;2;Marcy Westcott and Richard Kollmar;I Didn't Know What Time It Was;English
10931;10931;2;Michael Jackson;Black or White;English
9703;9703;2;Tommy Dorsey and His Orchestra - Vocal Refrain by Male Quartet;Once in a While;English
272;272;2;Dusty Springfield;Son-of-a Preacher Man;English
33213;33213;2;Jane Powell;Too Late Now;English
13687;126372;2;Ethel Waters with Duke Ellington & His Orchestra;Stormy Weather (Keeps Rainin' All the Time);English
36064;186738;2;Majestic Dance Orchestra - Vocal Chorus by Helen Rowland;Love Letters in the Sand;English
6210;122902;2;Mary Martin, Patricia Neway;My Favorite Things;English
5552;505372;2;Glenn Miller and His Orchestra - Vocal Refrain by Ray Eberle;At Last;English
462;462;2;Barry McGuire;California Dreamin';English
133525;277113;2;P!nk featuring Nate Ruess;Just Give Me a Reason;English
20110;20110;2;Ethel Merman & Bob Hope;It's De-Lovely;English
9276;9276;2;The Police;Roxanne;English
22936;22936;2;Sterling Holloway & Bobbie Perkins;Mountain Greenery;English
154901;468201;2;Lukas Graham;7 Years;English
4726;4726;2;Kansas;Dust in the Wind;English
115814;141269;2;Lady Gaga;Bad Romance;English
7264;7264;2;Stevie Wonder;I Just Called to Say I Love You;English
6602;6602;2;Metallica;The Unforgiven;English
108692;108692;2;Tommy Dorsey and His Orchestra - Vocal Refrain by Frank Sinatra and The Pied Pipers;This Love of Mine;English
580;580;2;Chuck Berry;Johnny B. Goode;English
29130;29130;2;Bob Wills and His Texas Playboys;Faded Love;English
27164;184048;2;Alfred Drake & Joan Roberts;People Will Say We're in Love;English
34728;154038;3;Giovanni Ambrosini, Maria Cappiello;Torna a Surriento;Italian
50523;50523;3;Dick Gautier, Susan Watson and Teenagers;A Lot of Livin' to Do;English
19748;19748;3;Percy Mayfield;Please Send Me Someone to Love;English
47901;47901;3;Matt Monro;Born Free;English
9132;9132;3;Bob Shane;Honey;English
5687;267873;3;Carmen Twillie;Nants' Ingonyama - Circle of Life;English
153900;461331;3;John Yorke Atlee;Home Sweet Home;English
9671;9671;3;Benny Goodman and His Orchestra;Good-Bye;English
882;882;3;The Shirelles;Will You Love Me Tomorrow;English
55442;176059;3;Burl Ives;Busted;English
200724;781972;3;Billy Murray;The Ballad of Casey Jones;English
9560;9560;3;The Weavers;The Hammer Song;English
140437;335479;3;MAGIC! [CA];Rude;English
3353;3353;3;Cilla Black;Alfie;English
74362;427883;3;Pedro Vargas con Orquesta;Granada;Spanish
2427;2427;3;The Beach Boys;God Only Knows;English
10129;290973;3;Pete Townshend;Behind Blue Eyes;English
14620;201618;3;Isaura Garcia;Meditação;Portuguese
25154;25154;3;Stevie Wonder;Isn't She Lovely?;English
1055;1055;3;Nancy Sinatra;You Only Live Twice;English
61207;61207;3;Dorsey Brothers' Orchestra - Vocal Chorus by Jean Bowes;(I'm Gettin') Sentimental over You;English
151781;434535;3;Adele;When We Were Young;English
83873;83873;3;Julie Andrews and Philippa Bevans;I Could Have Danced All Night;English
20049;20049;3;Fred Astaire & Rita Hayworth [dubbed by Nan Wynn];I'm Old Fashioned;English
9131;9131;3;Johnny Mathis with Ray Conniff and His Orchestra;When Sunny Gets Blue;English
6753;6753;3;Aerosmith;Walk This Way;English
88508;88508;3;Willie & Eugene Howard;Carolina in the Morning;English
13208;13208;3;Andrea Bocelli;Con te partirò;Italian
1282;644348;3;Bob Dylan;Mr. Tambourine Man;English
4687;4687;3;Gertrude Lawrence;Someone to Watch over Me;English
994;994;3;Simon and Garfunkel;Mrs. Robinson;English
5534;5534;3;AC/DC;Highway to Hell;English
4922;4922;3;Billy Dee Williams;A Taste of Honey;English
75372;75372;3;Rudy Vallee & Everett Marshall;The Thrill Is Gone;English
5549;5549;3;Deep Purple;Smoke on the Water;English
97460;235091;3;Jimmy Dorsey and His Orchestra;I'm Glad There Is You;English
14861;126403;3;Trio Durango con guitarras;Quizás, quizás, quizás;Spanish
65049;352102;3;Harry James and His Orchestra;I'm Beginning to See the Light;English
841;841;3;Lori Lieberman;Killing Me Softly with His Song;English
7284;7284;3;Kathryn Crawford, June Shafer, Ida Pearson and Stella Friend;Love for Sale;English
5283;5283;3;Gene Krupa & His Orchestra;Skylark;English
64372;64373;3;"Artie Shaw and His Orchestra - Vocal Refrain and trumpet by ""Hot Lips"" Page";Blues in the Night;English
76174;76174;3;Stan Getz;The Look of Love;English
48320;322410;3;Dinah Shore;Whatever Lola Wants;English
122499;194419;3;Ona Munson and Jack Whiting;You're the Cream in My Coffee;English
4779;4779;3;Skeeter Davis;The End of the World;English
9199;9199;3;Glen Campbell;Wichita Lineman;English
9004;9004;3;The Delfonics;La-La-Means I Love You;English
35188;35188;3;Norman Wisdom;Who Can I Turn To (When Nobody Needs Me)?;English
5917;5917;3;John Lennon;Imagine;English
4646;4646;3;Ruby and The Romantics;Our Day Will Come;English
34907;34907;3;Billie Holiday;Good Morning Heartache;English
5697;5697;3;Angela Lansbury;Beauty and the Beast;English
39786;355307;3;Harry James and His Orchestra - Vocal Chorus Connie Haines;Comes Love;English
5396;5396;3;Michael Jackson;Thriller;English
106883;256985;3;Debbie Reynolds;(Love Is) The Tender Trap;English
135726;298121;3;Bob Crosby and His Orchestra - Vocal Chorus by Marion Mann;Deep in a Dream;English
246;246;3;The Monkees;I'm a Believer;English
8937;8937;3;The Beatles;Penny Lane;English
56366;776378;3;Adriana Caselotti;Someday My Prince Will Come;English
117883;156236;3;Dolores Valesco;I Can't Believe That You're in Love with Me;English
13216;13216;3;Jim Croce;Time in a Bottle;English
10902;230601;3;Little Jack Little and His Orchestra;I'm in the Mood for Love;English
31383;31383;3;The Vibrations;My Girl Sloopy;English
99751;99751;3;Joseph Williams & Sally Dworsky;Can You Feel the Love Tonight?;English
124745;432188;3;Mike Doty and His Orchestra - Vocal Refrain by Ward Silloway;You're My Thrill;English
25621;292133;3;Vaughn Monroe and His Orchestra;That Lucky Old Sun;English
124809;767500;3;Bing Crosby with The Andrews Sisters & Vic Schoen and His Orchestra;The Twelve Days of Christmas;English
13698;13698;3;Les Brown and His Orchestra - Vocal Chorus by Doris Day;Sentimental Journey;English
30209;30209;3;Stevie Wonder;All in Love Is Fair;English
10717;10717;3;James Taylor;Don't Let Me Be Lonely Tonight;English
5388;5388;3;Van Morrison;Brown Eyed Girl;English
19945;19945;3;Ethel Merman;Anything Goes;English
14238;14238;3;Ray Charles;What'd I Say;English
14599;292690;3;Paul Whiteman and His Orchestra - Vocal Refrain by Mildred Bailey;All of Me;English
65609;65609;3;Lillian Shade;I Gotta Right to Sing the Blues;English
76498;76498;3;J. Harold Murray;Autumn in New York;English
22053;22053;3;Radiohead;Karma Police;English
6216;6216;3;Brenda Holloway;You've Made Me So Very Happy;English
9263;350160;3;Jo Stafford with Paul Weston and His Orchestra;It Could Happen to You;English
22965;22965;3;Gene Kelly & Leila Ernst;I Could Write a Book;English
22926;22926;3;Mitzi Green;The Lady Is a Tramp;English
69970;69970;3;Bruno Martino;Odio l'estate;Italian
10685;10685;3;The Beatles;She Loves You;English
52227;52227;3;The MGM Studio Orchestra;Invitation;English
120968;294567;3;A.Z. Idelsohn;Hava nagila;Hebrew
731;731;3;Eric Carmen;All by Myself;English
15521;15521;3;Chicago;If You Leave Me Now;English
93655;93655;3;"Nick Lucas ""The Crooning Troubadour""";I'll Get By (As Long as I Have You);English
1130;1130;3;The Beatles;When I'm Sixty-Four;English
7261;7261;3;Carpenters;Yesterday Once More;English
954;954;3;David Bowie;Heroes;English
4354;4354;3;Otis Redding;Respect;English
52177;52177;3;Duke Ellington and His Famous Orchestra;"Take the ""A"" Train";English
11833;410545;3;Harold Arlen with Orchestral Acc. Dir. by Ray Sinatra;Let's Fall in Love;English
121504;812611;3;The Suntones;Jean;English
11898;11898;3;Dionne Warwick;I Say a Little Prayer;English
10838;10838;4;The King Cole Trio;(Get Your Kicks On) Route 66;English
123840;207585;4;Dick Haymes with Orchestra under direction of Victor Young;I Wish I Knew;English
19943;19943;4;Ruth Etting;Get Happy;English
7253;7253;4;Frances Williams;As Time Goes By;English
64395;898686;4;Kay Kyser and His Orchestra - Vocal Chorus by Harry Babbitt and The Campus Kids;What Are You Doing New Year's Eve;English
6394;6394;4;Louis Armstrong;What a Wonderful World;English
15519;116835;4;Chad and Jeremy;Homeward Bound;English
2407;2407;4;David Bowie;Let's Dance;English
2970;2970;4;Four Tops;Reach Out I'll Be There;English
17053;17053;4;Coldplay;Yellow;English
42338;42338;4;Nat King Cole;Unforgettable;English
6784;6784;4;Don McLean;Vincent;English
10907;187655;4;Ozzie Nelson and His Orchestra;Dream a Little Dream of Me;English
13873;438900;4;Kurt Weill;Speak Low;English
7213;7213;4;Marilyn Miller and Leon Errol;Look for the Silver Lining;English
71473;71473;4;Judy Campbell;A Nightingale Sang in Berkeley Square;English
399;399;4;Phil Collins;Against All Odds (Take a Look at Me Now);English
26839;26839;4;Vinicius de Moraes;Berimbau;Portuguese
121296;198432;4;Joanie Sommers with The Bobby Troup Sextet;Dear Heart;English
63854;63854;4;Alice Faye;You'll Never Know;English
52660;52660;4;Connie Stevens;Keep Growing Strong;English
25030;25030;4;The Beach Boys;Good Vibrations;English
8339;8339;4;Paul Simon;I Am a Rock;English
856;856;4;The Wailers;I Shot the Sheriff;English
12992;12992;4;Johnny Nash;I Can See Clearly Now;English
121182;180632;4;Libby Holman;Something to Remember You By;English
150625;419040;4;Elizete Cardoso;Modinha;Portuguese
5319;5319;4;Wings;Live and Let Die;English
704;704;4;Led Zeppelin;Stairway to Heaven;English
5363;5363;4;Roger Miller [US-OK];Little Green Apples;English
3552;3552;4;The Beatles;Do You Want to Know a Secret;English
4012;483767;4;Percy Mayfield;Hit the Road Jack;English
49809;72659;4;The Sunset Four Jubilee Singers;Wade in the Water;English
1924;1924;4;The Beatles;Because;English
14809;14809;4;Betty Comden, Nancy Walker, Adolph Green and Cris Alexander;Some Other Time;English
156542;481775;4;Calvin Harris // Rihanna;This Is What You Came For;English
64489;64489;4;Silvia Telles;Caminhos Cruzados;Portuguese
4833;4833;4;Nick Drake;River Man;English
9508;9508;4;The Beatles;Yellow Submarine;English
28094;28094;4;Juanita Hall;Bali Ha'i;English
4683;121822;4;Shep Fields and His Rippling Rhythm Orchestra;Nice Work if You Can Get It;English
10428;10428;4;Jackie deShannon;What the World Needs Now Is Love;English
114742;131927;4;Guy Lombardo's Royal Canadians;Stars Fell on Alabama;English
86795;86795;4;Ruth Etting;Love Me or Leave Me;English
1792;1792;4;Darrell Glenn;Crying in the Chapel;English
82200;286660;4;Hal Kemp and His Orchestra;Them There Eyes;English
424;424;4;The Beatles;Come Together;English
40199;40199;4;James Brown and The Famous Flames;Papa's Got a Brand New Bag;English
11817;11817;4;Nat King Cole with Orchestra conducted by Gordon Jenkins;This Is All I Ask;English
3211;3211;4;The Kinks;You Really Got Me;English
6870;6870;4;Jerry Orbach;Try to Remember;English
4887;4887;4;Tommy Dorsey and His Orchestra;Everything Happens to Me;English
4867;4867;4;Mayo Methot;More Than You Know;English
10141;210013;4;El Jarocho;La bamba;Spanish
55861;128902;4;Jo Stafford with Vocal Group and Paul Weston and His Orchestra;Scarlet Ribbons (For Her Hair);English
114810;132664;4;Henry Busse and His Orchestra - Vocal Refrain by Richard Barry;I'm Thru with Love;English
1795;187914;4;Charles Hart [US];Are You Lonesome To-Night?;English
124571;214466;4;Jacques Renard & His Orchestra;Heartaches;English
7776;7776;4;AC/DC;Back in Black;English
77841;77841;4;Roy Fox and His Orchestra;Harbour Lights;English
10603;10603;4;Gilbert O'Sullivan;Alone Again (Naturally);English
2158;2158;4;Julie London;Cry Me a River;English
1347;1347;4;Bing Crosby - Grace Kelly;True Love;English
2768;2768;4;The Beatles;Eleanor Rigby;English
9665;9665;4;The Jungle Band;Mood Indigo;English
23770;23770;4;Adele Astaire & Allen Kearns;'S Wonderful;English
115251;137372;4;Bing Crosby with Pete King and His Orchestra;The Second Time Around;English
20162;20162;4;Fred Astaire, Adele Astaire & Cliff Edwards;Fascinating Rhythm;English
195566;744091;4;"""Fats"" Waller and His Rhythm";Louisiana Fairy Tale;English
65381;65381;4;Aida Ward;Between the Devil and the Deep Blue Sea;English
10848;232485;4;Dorothy Dickson;These Foolish Things (Remind Me of You);English
62782;284158;4;Agostinho dos Santos;O Amor em Paz;Portuguese
23627;23627;4;Carpenters;Rainy Days and Mondays;English
23772;242624;4;Woody Herman and His Orchestra;I'll Remember April;English
8673;8673;4;Radiohead;Creep;English
10216;10216;4;McKinney's Cotton Pickers - Vocal Refrain by Donald Redman;Gee, Ain't I Good to You;English
30246;30246;4;Larry Kert, Reri Grist & Carol Lawrence;Somewhere;English
4704;4704;4;Ethel Merman;I Got Rhythm;English
34791;34791;4;Tony Joe White;Rainy Night in Georgia;English
233;389583;4;B.J. Thomas;Always on My Mind;English
117791;155621;4;Arthur Collins;Bill Bailey, Won't You Please Come Home?;English
575;575;4;Chuck Berry;Memphis, Tennessee;English
1017;1017;4;Stevie Wonder;I Wish;English
4865;4865;4;Dolores Gray;Here's That Rainy Day;English
5958;5958;4;The Beatles;She's Leaving Home;English
3497;126951;4;Frankie Valli;Can't Take My Eyes off You;English
4816;4816;4;Frank Sinatra;I Fall in Love Too Easily;English
119158;164729;4;Irving Abrams & His Orchestra;The Birth of the Blues;English
123334;246773;4;Harrod's Jubilee Singers;Joshua Fit the Battle of Jericho;English
5915;5915;4;Gloria Grafton;Little Girl Blue;English
401;401;4;Bob Dylan;All Along the Watchtower;English
132686;271210;4;Lew Stone and His Band - Vocal Chorus by Nat Gonella;Isle of Capri;English
7032;7032;4;Roger Whittaker;The Wind Beneath My Wings;English
117450;152589;4;Larry Clinton and His Orchestra - Vocal Refrain by Bea Wain;Heart and Soul;English
21352;21352;4;Dee Dee Warwick;I'm Gonna Make You Love Me;English
3063;3063;4;Bill Withers;Ain't No Sunshine;English
1443;1443;4;Noel Harrison;The Windmills of Your Mind;English
343;343;4;Marianne Faithfull;As Tears Go By;English
24473;24473;5;Don Gibson;Oh Lonesome Me;English
73656;73656;5;Dick Van Dyke, Julie Andrews, Karen Dotrice, Matthew Garber;Chim Chim Cheree;English
656;656;5;The Police;Every Breath You Take;English
12795;12795;5;Gertrude Lawrence;My Ship;English
53040;53040;5;Russ Columbo;Prisoner of Love;English
30326;30326;5;Soundgarden;Black Hole Sun;English
10790;10790;5;The Beatles;I Saw Her Standing There;English
64650;222898;5;Agostinho dos Santos;A Felicidade;Portuguese
21817;21817;5;Felicia Sanders;Fly Me to the Moon (In Other Words);English
11841;11841;5;The Temptations [US1];Just My Imagination (Running Away with Me);English
1108;1108;5;Leonard Cohen;Hallelujah;English
38171;538915;5;Maxine Sullivan, Louis Armstrong, Bill Bailey,  The Dandridge Sisters, The Rhythmettes and The Deep River Boys;Darn That Dream;English
1376;1376;5;Roger Miller [US-OK];King of the Road;English
63101;63101;5;Claire Carleton;If You Believed in Me [It's Only a Paper Moon];English
22235;22235;5;Sebastián Yradier;La paloma;Spanish
9376;9376;5;Katherine Clark;Poor Butterfly;English
121360;182220;5;Anita O'Day - Orchestra conducted by Larry Russell;Vaya con Dios;English
18;18;5;Led Zeppelin;Kashmir;English
11485;11485;5;Neil Diamond;Sweet Caroline;English
143052;354918;5;Fred Hamm and His Orchestra;Bye Bye Blues;English
41946;363252;5;Louis Armstrong and His Orchestra;When It's Sleepy Time Down South;English
32595;32595;5;Burl Ives;Riders in the Sky;English
2974;2974;5;Sam & Dave;Hold On! I'm a Comin';English
22581;22581;5;Paul McCartney;Maybe I'm Amazed;English
62475;62475;5;Massive Attack featuring Elizabeth Fraser;Teardrop;English
97414;97414;5;Hall & Oates;Sara Smile;English
112097;115533;5;Walter Woolf King;Don't Blame Me;English
20610;817657;5;Roger Nichols and Paul Williams;We've Only Just Begun;English
51795;51795;5;Anthony Newley;What Kind of Fool Am I?;English
932;28563;5;Jacques Brel;Ne me quitte pas;French
98152;98152;5;Alfred Drake, Joan Roberts & Betty Garde;The Surrey with the Fringe on Top;English
9719;9719;5;Jorge Ben, Copa 5;Mas Que Nada;Portuguese
20960;20960;5;Classics IV;Stormy;English
7550;7550;5;The Moody Blues with The London Festival Orchestra conducted by Peter Knight;Nights in White Satin;English
9158;411031;5;Lena Horne with Orchestra conducted by Horace Henderson;One for My Baby (And One More for the Road);English
9133;9133;5;The Mama's and The Papa's;Monday, Monday;English
20088;20088;5;June Knight & Charles Walters;Just One of Those Things;English
119473;166942;5;Ukulele Ike (Cliff Edwards);Just You, Just Me;English
30235;30235;5;Bing Crosby;But Beautiful;English
132900;272793;5;Daft Punk feat. Pharrell Williams;Get Lucky;English
11473;11473;5;Evelyn Herbert;Lover Come Back to Me;English
11798;11798;5;Campbell and Burr;After You've Gone;English
3162;3162;5;The Beatles;You've Got to Hide Your Love Away;English
132541;270168;5;Carlos Lyra;Você e Eu;Portuguese
1454;1454;5;The Beatles;Hey Jude;English
31938;31938;5;Cannon's Jug Stompers;Walk Right In;English
58781;764063;5;The Collegians [US1];I Cried for You;English
9092;9092;5;The Beatles;If I Fell;English
4854;4854;5;Gene Kelly & Rita Hayworth [dubbed by Martha Mears];Long Ago and Far Away;English
29487;29487;5;Helen Morgan;Can't Help Lovin' Dat Man;English
4775;4775;5;Leon Russell;This Masquerade;English
137560;314487;5;Sam Lanin and His Orchestra;Five Foot Two, Eyes of Blue (Has Anybody Seen My Girl);English
13523;13523;5;Grover Washington Jr. with Bill Withers;Just the Two of Us;English
3997;3997;5;ABBA;Chiquitita;English
4806;4806;5;Gloria Grafton & Donald Novis;My Romance;English
13693;234850;5;Miss Walton and Mr. Macdonough;Shine On, Harvest Moon;English
46288;46288;5;Paul McCartney & Wings;My Love;English
112241;116613;5;Fred Waring and His Pennsylvanians;While We're Young;English
10852;287410;5;The Pied Pipers with Paul Weston and His Orchestra;We'll Be Together Again;English
4267;4267;5;Lionel Richie;Hello;English
9724;9724;5;João Gilberto;Samba de Uma Nota Só;Portuguese
68897;68897;5;The Killers;Mr. Brightside;English
21826;21826;5;Carol Channing and David Hartman;Hello, Dolly!;English
32062;32062;5;Michael Crawford;The Music of the Night;English
3673;3673;5;The Beatles;Please Please Me;English
3237;3237;5;The Beatles with Billy Preston;Get Back;English
91786;184704;5;Neal Hefti and His Orchestra;Girl Talk;English
11352;11352;5;Georges Metaxa & Libby Holman;You and the Night and the Music;English
76574;167748;5;Billy Eckstine - Orchestra conducted by Russ Case;I'm a Fool to Want You;English
126478;225467;5;Johnny Mercer, Jo Stafford and The Pied Pipers with Paul Weston and His Orchestra;Candy;English
7581;7581;5;Paul Whiteman and His Orchestra with Vocal Refrain by Jack Fulton;How Deep Is the Ocean?;English
28495;28495;5;Ethel Waters;Taking a Chance on Love;English
92616;977098;5;"""Kenn"" Sisson and His Orchestra";My Blue Heaven;English
3964;3964;5;Red Hot Chili Peppers;Under the Bridge;English
27894;468096;5;Don Ameche;All of You;English
26461;26461;5;Louis Prima and His New Orleans Gang;Sing, Sing, Sing;English
100;100;5;Percy Sledge;When a Man Loves a Woman;English
122815;197902;5;Woody Herman and His Orchestra - Vocal by Mary Ann McCall;Detour Ahead;English
3858;3858;5;Eddie Miller and His Oklahomans;Release Me (And Let Me Love Again);English
115707;140702;5;Chester Gaylord;I'm Confessin' That I Love You;English
103;103;5;Johnny Darrell;Green Green Grass of Home;English
40971;250856;5;Joseph Knecht's Waldorf-Astoria Orchestra;The Sheik of Araby;English
15385;15385;5;The Archies;Sugar, Sugar;English
22556;22556;5;Steely Dan;Do It Again;English
434;434;5;Michael Jackson;Human Nature;English
40675;40675;5;Irene Bordoni and Arthur Margetson;Let's Do It, Let's Fall in Love;English
52963;52963;5;Michael Jackson;Man in the Mirror;English
12792;12792;5;Jack Barker;Dancing in the Dark;English
7084;7084;5;Elton John;Your Song;English
8850;8850;5;Carson and Gaile;Something Stupid;English
19417;19417;5;Sterling Holloway - June Cochran;Manhattan;English
10901;325579;5;Margaret Whiting with Frank De Vol and His Orchestra;Time After Time;English
53262;85366;5;Hal Kemp and His Orchestra;The Touch of Your Lips;English
25150;25150;5;Billy Butterfield and His Orchestra - Vocal by Margaret Whiting;Moonlight in Vermont;English
97632;97632;5;Benny Goodman and His Orchestra - Vocal by Al Hendrickson;On a Slow Boat to China;English
8535;8535;5;Thelma La Vizzo;Trouble in Mind [I'm Blue];English
19558;19558;5;João Gilberto;Insensatez;Portuguese
35395;141983;5;Gertrude Lawrence;Hello, Young Lovers;English
14485;14485;5;Pink Floyd;Comfortably Numb;English
18505;201957;6;Ambrose and His Orchestra;Body and Soul;English
1364;1364;6;Janet Brace;Teach Me Tonight;English
5930;5930;6;Richard Harris [IE];MacArthur Park;English
7027;7027;6;Michael Jackson;Billie Jean;English
16560;16560;6;Depeche Mode;Personal Jesus;English
29078;29078;6;Walter Huston;September Song;English
17662;17662;6;Brad Kane & Lea Salonga;A Whole New World;English
179;179;6;ABBA;Mamma mia;English
19508;19508;6;Michael Jackson;Beat It;English
11785;11785;6;Don Gibson;Sweet Dreams;English
1153;1153;6;Depeche Mode;Enjoy the Silence;English
2110;2110;6;Procol Harum;A Whiter Shade of Pale;English
7116;7116;6;Louis Jourdan;On a Clear Day (You Can See Forever);English
11652;11652;6;Duke Ellington and His Orchestra - Vocal Refrain by Al Hibbler;I'm Just a Lucky So and So;English
144354;364177;6;Hozier;Take Me to Church;English
6939;6939;6;Donovan;Sunshine Superman;English
64593;64593;6;Duke Ellington and His Orchestra;I Let a Song Go Out of My Heart;English
3099;3099;6;Jessie Matthews;My Heart Stood Still;English
70887;70887;6;Priscilla Lane;This Time the Dream's on Me;English
1353;1353;6;Dick Haymes;Love Letters;English
44137;44137;6;The Princeton University Triangle Club;East of the Sun (And West of the Moon);English
430;430;6;Metallica;Nothing Else Matters;English
4801;4801;6;Dick Haymes with Victor Young and His Orchestra;It Might as Well Be Spring;English
4541;4541;6;Quincy Jones;Everything Must Change;English
3203;3203;6;Steppenwolf;Born to Be Wild;English
50939;50939;6;Earth, Wind & Fire;September;English
58783;58783;6;Glen Gray and The Casa Loma Orchestra;It's the Talk of the Town;English
10781;10781;6;Mary Martin;My Heart Belongs to Daddy;English
54466;54466;6;Larry Kert & Carol Lawrence;Tonight;English
82985;82985;6;Hoagy Carmichael;Rockin' Chair;English
1002;1002;6;The Rolling Stones;Paint It, Black;English
121495;183344;6;Bruno Mars;Just the Way You Are;English
4810;555719;6;Doris Day - Orchestra under the direction of Frank Comstock;From This Moment On;English
27913;27913;6;Minto Cato;Memories of You;English
3928;3928;6;Bryan Adams;(Everything I Do) I Do It for You;English
3077;3077;6;New Mayfair Dance Orchestra;Try a Little Tenderness;English
3221;3221;6;The Rolling Stones;Ruby Tuesday;English
2558;2558;6;Judy Collins;Both Sides Now;English
94;94;6;Simon and Garfunkel;Bridge over Troubled Water;English
20084;20084;6;Tamara;Get Out of Town;English
4884;4884;6;Judy Holliday, Ensemble;The Party's Over;English
119695;168186;6;Prince's Band;Ballin' the Jack;English
61921;61921;6;Gertrude Lawrence and Jack Buchanan;Limehouse Blues;English
677;677;6;The Rolling Stones;(I Can't Get No) Satisfaction;English
10528;10528;6;The Beatles;For No One;English
199;199;6;ABBA;Dancing Queen;English
23116;23116;6;Bing Crosby;It's Easy to Remember (And So Hard to Forget);English
594;594;6;David Bowie;The Man Who Sold the World;English
7279;7279;6;Mieko Hirota;Sunny;English
31091;287377;6;Zero Mostel, Maria Karnilova and Chorus;Sunrise, Sunset;English
122254;191343;6;Swing and Sway with Sammy Kaye - Vocal Refrain by Charles Wilson;Two Sleepy People;English
19912;19912;6;Billy Cotton and His Band;South of the Border;English
111408;111666;6;Eddie Cantor;Dinah;English
2855;2855;6;Richard Berry and The Pharaohs;Louie Louie;English
87425;466548;6;Tommy Tucker Time - Vocal Chorus by Don Brown;Because of You;English
10847;10847;6;Virginia Verrill;That Old Feeling;English
38495;38495;6;Grace Moore & John Steel;What'll I Do;English
20257;20257;6;Frank Sinatra;All the Way;English
11474;11474;6;Walter Catlett;Oh, Lady Be Good!;English
30678;30678;6;Chick Webb's Savoy Orchestra;Stompin' at the Savoy;English
10850;10850;6;Valaida & Dee Lloyd McKaye;Moonglow;English
103771;1212106;6;Henry Thies and His Hotel Sinton Orchestra - Vocal Refrain by Don Dewey;When You're Smiling (The Whole World Smiles with You);English
5231;150853;6;Yvonne Fair & James Brown Band;I Found You;English
4244;4244;6;Toto;Africa;English
28493;28493;6;Isham Jones Orchestra;The One I Love Belongs to Somebody Else;English
37947;37947;6;The Three Suns;Twilight Time;English
115728;140792;6;Coldplay;Viva la vida;English
24484;24484;6;Lois Deppe & Russell Woodling's Jubilee Singers;Without a Song;English
4681;4681;6;Abbie Mitchell;Summertime;English
3599;3599;6;Prince's Band;St. Louis Blues;English
5912;5912;6;Stevie Wonder;You Are the Sunshine of My Life;English
29380;882599;6;Dick Farney - Orchestrated and conducted by Paul Baron;Tenderly;English
3170;3170;6;The Beatles;Lucy in the Sky with Diamonds;English
118849;163156;6;Evanescence;My Immortal;English
9574;9574;6;Eddie Cantor;Makin' Whoopee!;English
14019;14019;6;Hank Williams with His Drifting Cowboys;I Can't Help It (If I'm Still in Love with You);English
9286;9286;6;Harry James and His Orchestra - Vocal Chorus by Dick Haymes;You've Changed;English
184;184;6;The Doors;People Are Strange;English
3529;3529;6;The Beatles;Dear Prudence;English
9571;9571;6;Marianne Michel;La vie en rose;French
132642;270939;6;Silvia Telles;Por Causa de Você;Portuguese
64648;177896;6;Elizete Cardoso;Chega de Saudade;Portuguese
2454;2454;6;The Doors;Riders on the Storm;English
20005;20005;6;Sergio Mendes & Brasil '66;So Many Stars;English
27328;27328;6;Lilo;I Love Paris;English
64627;270257;6;Tom Jobim & Os Cariocas;Samba do Avião;Portuguese
9626;9626;6;The Beatles;Girl;English
28687;366828;6;Richard Kiley;The Impossible Dream;English
1276;1276;6;Wilson Pickett;In the Midnight Hour;English
11667;278860;6;Frances Langford with Jimmy Dorsey and His Orchestra;Easy to Love;English
22;22;6;The Doors;Light My Fire;English
6102;6102;6;The Beatles;In My Life;English
11387;119272;6;Glynis Johns;Send in the Clowns;English
26988;1184612;6;Carole King;It's Too Late;English
10851;198059;6;Chick Bullock accompanied by His Orchestra;The Nearness of You;English
1769;1769;6;The Cascades;Rhythm of the Rain;English
79329;132657;6;Sarah Vaughan - Orchestra under the direction of Tad Dameron;If You Could See Me Now;English
111991;114679;6;Ray Noble and His Orchestra;Cherokee;English
38429;38429;7;Jane Withers;Guess I'll Hang My Tears Out to Dry;English
27919;979528;7;Eddy Duchin and His Orchestra - Vocal Refrain by Lew Sherwood;Pennies from Heaven;English
42054;42054;7;The Pied Pipers with Paul Weston and His Orchestra;Dream;English
11641;11641;7;Gladys Swarthout & John Boles;If I Should Lose You;English
2976;2976;7;Eddie Floyd;Knock on Wood;English
7257;7257;7;John Michael King;On the Street Where You Live;English
1278;1278;7;The Byrds;Eight Miles High;English
8213;8213;7;The Beatles;I Feel Fine;English
11472;435748;7;Gene Austin;When Your Lover Has Gone;English
627;627;7;Jesse Harris & The Ferdinandos;Don't Know Why;English
111535;112043;7;Secret Garden;You Raise Me Up;English
9006;9006;7;Ted Fiorito & His Orchestra;Willow Weep for Me;English
11516;11516;7;Antônio Carlos Jobim;Águas de Março;Portuguese
3177;3177;7;The Beatles;Nowhere Man;English
11552;11552;7;Yves Montand;Les feuilles mortes;French
3321;3321;7;Todd Duncan;Unchained Melody;English
6549;6549;7;The Beatles;While My Guitar Gently Weeps;English
113981;127118;7;Charley Straight and His Orchestra;Sweet Sue - Just You;English
375;375;7;Buffy Sainte-Marie;Until It's Time for You to Go;English
64766;64766;7;Carter Family;Wildwood Flower;English
19789;133129;7;Cleveland Simmons Group;The John B. Sails;English
1983;1983;7;The Beatles;Blackbird;English
114490;413873;7;The Six Hottentots;Sometimes I'm Happy (Sometimes I'm Blue);English
383;383;7;The Beatles;Here Comes the Sun;English
13222;13222;7;Christopher Cross;Sailing;English
32202;32202;7;U2;Pride (In the Name of Love);English
5095;5095;7;Blood, Sweat & Tears;Spinning Wheel;English
40034;782554;7;John Goss and the Cathedral Male Voice Quartet;Shenandoah;English
4685;292683;7;Fred Astaire with Johnny Green and His Orchestra;They Can't Take That Away from Me;English
21013;124579;7;Christine Johnson with Carousel Chorus and Orchestra under direction of Joseph Littau;You'll Never Walk Alone;English
93644;284415;7;"Nick Lucas ""The Crooning Troubadour""";Tiptoe Through the Tulips with Me;English
1939;232788;7;Sam Lanin's Dance Orchestra - Vocal Chorus Arthur Hall;Bye Bye Blackbird;English
5342;5342;7;The Police;Message in a Bottle;English
5461;5461;7;Roberta Flack;Feel Like Makin' Love;English
3245;3245;7;Winnie Lightner;Somebody Loves Me;English
26111;266181;7;Bing Crosby and Jimmy Dorsey and His Orchestra;Give Me the Simple Life;English
45948;343849;7;Peggy Lee with Dave Barbour and His Orchestra;Everybody Loves Somebody;English
40671;40671;7;Elsie Carlisle;What Is This Thing Called Love?;English
7202;7202;7;Tamara;Smoke Gets in Your Eyes;English
20069;20069;7;Tommy Dorsey and His Orchestra;In the Still of the Night;English
6536;6536;7;Pink Floyd;Wish You Were Here;English
20769;20769;7;Domenico Modugno;Nel blu, dipinto di blu;Italian
40251;40251;7;Gene Wilder;Pure Imagination;English
7249;7249;7;Barbra Streisand;The Way We Were;English
116622;146897;7;Gus Arnheim Coconut Grove Orchestra;Sweet and Lovely;English
4767;4767;7;Leon Russell;A Song for You;English
39525;39525;7;Elton John;Goodbye Yellow Brick Road;English
7312;7312;7;Stevie Wonder;My cherie amour;English
132426;269430;7;Silvia Telles;Fotografia;Portuguese
55068;55068;7;Seals and Crofts;Summer Breeze;English
4689;136053;7;Ella Logan - Orchestra under direction of Bill Harty;Love Is Here to Stay;English
40702;40702;7;Louis Armstrong & His Orchestra;Basin Street Blues;English
14501;14501;7;Stevie Wonder;Superstition;English
9290;234649;7;Jimmy Dorsey and His Orchestra - Vocal Chorus by Bob Eberly;I Remember You;English
149298;400123;7;Muriel Barron and Olive Gilbert;We'll Gather Lilacs;English
42521;1154263;7;The Halfway House Dance Orchestra;Squeeze Me;English
83881;124036;7;Rex Harrison;I've Grown Accustomed to Her Face;English
140168;333460;7;Frank Sinatra - Axel Stordahl and His Orchestra;There's No You;English
24522;24522;7;Araci Cortes;Aquarela do Brasil;Portuguese
27320;27320;7;William Gaxton & Genevieve Tobin;You Do Something to Me;English
26687;26687;7;Gordon Lightfoot;If You Could Read My Mind;English
139530;328983;7;Sam Smith;Stay with Me;English
34568;34568;7;Tears for Fears;Everybody Wants to Rule the World;English
149562;403559;7;Cliff Edwards (Ukulele Ike);Hard Hearted Hannah (The Vamp of Savannah);English
82877;82877;7;Robert Goulet;If Ever I Would Leave You;English
48;48;7;The Beatles;With a Little Help from My Friends;English
119680;168066;7;George Beaver;Blues My Naughty Sweetie Gives to Me;English
3174;3174;7;The Beatles;We Can Work It Out;English
11794;11794;7;Horace Heidt and His Brigadiers - Vocal Chorus by Larry Cotton;Gone with the Wind;English
137056;310201;7;John Legend;All of Me;English
23525;23525;7;Christopher Cross;Arthur's Theme (Best That You Can Do);English
21721;21721;7;Ethel Merman & Ray Middleton;They Say It's Wonderful;English
134622;288370;7;Avicii;Wake Me Up;English
9128;9128;7;The Kingston Trio;It Was a Very Good Year;English
51980;51980;7;Duke Ellington and His Orchestra;Lush Life;English
22154;22154;7;Adele Astaire & Eddie Foy Jr.;You're Driving Me Crazy (What Did I Do?);English
1143;1143;7;10cc;I'm Not in Love;English
4762;4762;7;Dionne Warwick;Do You Know the Way to San Jose?;English
546;546;7;David Bowie;Life on Mars;English
10526;10526;7;The Beatles;Things We Said Today;English
886;186102;7;Little Willie John;Fever;English
143172;355575;7;Tom Bryce;The Skye Boat Song;English
10144;10144;7;Johnny Rivers;By the Time I Get to Phoenix;English
13549;279858;7;Dick Jurgens and His Orchestra;You'd Be So Nice to Come Home To;English
21695;955953;7;Arthur C. Clough;Let Me Call You Sweetheart;English
111854;113701;7;Martha Tilton with Orchestra;I Should Care;English
19985;19985;7;Kaye Ballard;Lazy Afternoon;English
43997;183226;7;Glenn Miller and His Orchestra - Vocal Refrain by Tex Beneke and The Four Modernaires;Chattanooga Choo Choo;English
20622;20622;7;Michael Dees;What Are You Doing the Rest of Your Life?;English
6859;6859;7;João Gilberto, Antônio Carlos Jobim, Vinicius de Moraes;Garota de Ipanema;Portuguese
4939;4939;7;Diahann Carroll, Dolores Harper, Ada Moore and Enid Mosier;A Sleepin' Bee;English
7229;7229;7;Fay Templeton;Yesterdays;English
70931;250729;7;Jan Savitt and His Orchestra - Vocal Chorus by Bon Bon;Imagination;English
9266;9266;7;Tommy Dorsey and His Orchestra - Vocal Refrain by Frank Sinatra;Polka Dots and Moon Beams;English
1412;1412;7;Ray Charles;Hallelujah I Love Her So;English
12460;12460;7;Don Gibson;I Can't Stop Loving You;English
11779;11779;7;June Knight;Begin the Beguine;English
9644;9644;7;Stevie Wonder;Overjoyed;English
37513;37513;8;The Jackson 5;I'll Be There;English
144458;365005;8;Ed Sheeran;Thinking Out Loud;English
138964;378180;8;Vic Damone;An Affair to Remember (Our Love Affair);English
4066;4066;8;Marvin Gaye;Inner City Blues (Makes Me Wanna Holler);English
54461;54461;8;Larry Kert;Maria;English
14969;14969;8;The Beatles;Paperback Writer;English
7446;7446;8;Tears for Fears;Mad World;English
27641;27641;8;Al Jolson;You Made Me Love You;English
7762;7762;8;Billie Holiday;God Bless the Child;English
29045;29045;8;"Nat ""King"" Cole with the Music of Nelson Riddle";Never Let Me Go;English
4755;4755;8;Delaney & Bonnie and Friends featuring Eric Clapton;Groupie (Superstar);English
2145;2145;8;Nan Wynn;Ev'ry Time We Say Goodbye;English
40924;420222;8;Phyllis Cleveland and Jack Barker;Tea for Two;English
25511;25511;8;The Piccadilly Players;If I Had You;English
11535;222887;8;Agostinho dos Santos;Manhã de Carnaval;Portuguese
27906;167239;8;Glen Gray and The Casa Loma Orchestra - Vocal Chorus by Kenny Sargent;Too Marvelous for Words;English
1456;1456;8;The Beatles;The Fool on the Hill;English
2759;2759;8;Billie Holiday;Don't Explain;English
62086;62086;8;Ezio Pinza;Some Enchanted Evening;English
116565;146368;8;Ted Fiorito and His Orchestra - Vocal Chorus Muzzy Marcellino & The Fio-rettes;Lulu's Back in Town;English
299;1032612;8;David Bowie;Space Oddity;English
31725;31725;8;Dinah Shore;Like Someone in Love;English
4690;4690;8;Mary Hay and Clifton Webb;(I've Got a) Crush on You;English
7489;7489;8;The Jackson 5;Never Can Say Goodbye;English
30668;30668;8;Mae West with Duke Ellington and His Orchestra;My Old Flame;English
1650;1650;8;Elton John;Sorry Seems to Be the Hardest Word;English
12159;12159;8;Katherine Perry;Don't Worry 'Bout Me;English
22084;22084;8;Radiohead;No Surprises;English
6616;6616;8;Metallica;Enter Sandman;English
118823;163061;8;Richard Davis;A Child Is Born;English
10581;348499;8;Henry Mancini and His Orchestra with Chorus;Charade;English
77153;77153;8;Michael Jackson;Don't Stop 'Til You Get Enough;English
150660;420045;8;João Gilberto;Brigas Nunca Mais;Portuguese
140157;333360;8;Les Brown and His Orchestra - Vocal Chorus by Ralph Young;'Tis Autumn;English
14379;14379;8;Dolly Parton;I Will Always Love You;English
32053;32053;8;Michael Jackson;The Way You Make Me Feel;English
7495;7495;8;Bill Nash;For the Good Times;English
31360;31360;8;Lou Gold & His Orchestra - Vocal Chorus by Murray Amster;Ain't She Sweet;English
156124;534336;8;Ladd's Black Aces;I Wish I Could Shimmy Like My Sister Kate;English
2301;2301;8;The Beatles;Can't Buy Me Love;English
9103;9103;8;The Beatles;I Want to Hold Your Hand;English
5954;5954;8;The Beatles;Lady Madonna;English
22286;22286;8;John Hartford;Gentle on My Mind;English
6417;6417;8;Smokey Robinson & The Miracles;I Heard It Through the Grapevine;English
121852;187615;8;John Kirby and His Onyx Club Boys;Undecided;English
4468;4468;8;Nirvana [US];Smells Like Teen Spirit;English
3839;337479;8;Judy Garland;The Man That Got Away;English
22961;22961;8;Shirley Ross;It Never Entered My Mind;English
31327;31327;8;Jim Lowe with The High Fives;The Green Door;English
118713;162423;8;Mildred Bailey;Don't Take Your Love from Me;English
817;817;8;Queen;Bohemian Rhapsody;English
122729;198104;8;Maysa;O Barquinho;Portuguese
9358;9358;8;Edison Male Quartette;Jingle Bells;English
22945;22945;8;Doris Carson & Ray Bolger;There's a Small Hotel;English
142497;351798;8;T.S.;Blank Space;English
21958;84377;8;The Rounders [US1];Singin' in the Rain;English
32531;32531;8;Scott McKenzie;San Francisco (Be Sure to Wear Flowers in Your Hair);English
43088;43088;8;Foreigner;I Want to Know What Love Is;English
42488;42488;8;Bert Stock and His Orchestra;Honeysuckle Rose;English
111656;112558;8;Bing Crosby;Wrap Your Troubles in Dreams (And Dream Your Troubles Away);English
799;799;8;Bob Dylan;Lay Lady Lay;English
10913;10913;8;Dick Powell;I Only Have Eyes for You;English
64445;64445;8;Snow Patrol;Chasing Cars;English
4698;4698;8;Bobbe Arnst;How Long Has This Been Going On?;English
26941;26941;8;The Association;Never My Love;English
43195;43195;8;Barbra Streisand;"Love Theme from ""A Star Is Born"" (Evergreen)";English
662;662;8;The Beatles;A Hard Day's Night;English
6464;6464;8;Led Zeppelin;Immigrant Song;English
23544;23544;8;George Michael;Careless Whisper;English
128680;242082;8;Chick Webb and His Orchestra;Don't Be That Way;English
42117;42117;8;The Supremes;Come See About Me;English
149807;408006;8;Justin Bieber;Love Yourself;English
2928;2928;8;The Beatles;Eight Days a Week;English
74245;226609;8;Shep Fields and His Rippling Rhythm Orchestra - Vocal Refrain by Bob Goday;September in the Rain;English
136518;306190;8;Red Norvo and His Orchestra;Please Be Kind;English
3270;3270;8;The Box Tops;The Letter;English
9507;9507;8;The Beatles;Ob-La-Di, Ob-La-Da;English
39438;39438;8;Percy Faith;I'll Never Smile Again;English
4692;4692;8;Ginger Rogers and Willie Howard;But Not for Me;English
122602;195743;8;Henry Mancini and His Orchestra;Two for the Road;English
21828;21828;8;Coldplay;Clocks;English
46851;632161;8;Vince Guaraldi;Christmas Time Is Here;English
20254;344643;8;Russ Columbo and His Orchestra;Street of Dreams;English
19353;118035;8;Patricia Morison;So in Love;English
12168;12168;8;James Taylor;Fire and Rain;English
175;175;8;Elvis Presley with The Jordanaires;Can't Help Falling in Love;English
6715;6715;8;Johnny Mandel;Shadow of Your Smile;English
2658;2658;8;The Beatles;Something;English
12968;12968;8;Sonny & Chér;The Beat Goes On;English
679;679;8;Dionne Warwick;Walk on By;English
18507;769830;8;Dinah Shore with Orchestra;I Thought About You;English
122709;196711;8;Adele;Someone Like You;English
87469;509530;8;Debbie Reynolds;Tammy;English
127547;234995;8;Sammy Davis, Jr.;Too Close for Comfort;English
9262;136020;8;Charlie Spivak and His Orchestra;Old Devil Moon;English
5616;5616;8;The Beatles;Within You Without You;English
164640;553216;8;Ed Sheeran;Perfect;English
4696;4696;8;Adele Astaire;The Man I Love;English
23767;23767;9;Robert Alda & Isabel Bigley;I've Never Been in Love Before;English
8387;8387;9;The Beatles;Michelle;English
20539;20539;9;Duke Ellington and His Orchestra;In a Sentimental Mood;English
24222;24222;9;Guns n' Roses;Sweet Child o' Mine;English
37776;37776;9;Brook Benton;A House Is Not a Home;English
53351;181726;9;Ivie Anderson;I Got It Bad (And That Ain't Good);English
373;373;9;Fred Neil;Everybody's Talkin';English
564;564;9;The Beatles;Across the Universe;English
9643;9643;9;The Jackson 5;I Want You Back;English
8521;8521;9;Anne Murray;Snowbird;English
139588;329538;9;Noelani Hawaiian Orchestra;My Little Grass Shack in Kealakekua, Hawaii;English
1596;1596;9;The Beatles;All You Need Is Love;English
135478;295405;9;Zedd feat. Foxes;Clarity;English
167;167;9;Elton John;Rocket Man;English
1409;1409;9;The Beatles;Yesterday;English
961;961;9;The Beatles;I Am the Walrus;English
2083;2083;9;The Rolling Stones;Play with Fire;English
29299;447795;9;Jacques Hélian et son Orchestre;Sous le ciel de Paris;French
129296;245527;9;Mary Lawlor and John Price Jones;The Best Things in Life Are Free;English
7577;266540;9;Larry Clinton and His Orchestra - Vocal Refrain by Bea Wain;The Masquerade Is Over;English
7818;7818;9;John Payne & Joan Merrill;There Will Never Be Another You;English
11859;11859;9;Aida Ward;I've Got the World on a String;English
10641;10641;9;Silvia Telles;Dindi;Portuguese
134347;285622;9;David Guetta feat. Sia;Titanium;English
83296;83296;9;Frank Sinatra;The Things We Did Last Summer;English
4217;4217;9;Willie Bryant and His Orchestra;The Glory of Love;English
2966;2966;9;Otis Redding;(Sittin' On) The Dock of the Bay;English
42631;42631;9;The Young Rascals;Groovin';English
35472;35472;9;Hugo Winterhalter and His Orchestra;Canadian Sunset;English
121401;330531;9;Fred Astaire, Ginger Rogers, Erik Rhodes and Lillian Miles;The Continental;English
8543;8543;9;Anne Wiggins Brown & Todd Duncan;I Loves You, Porgy;English
141096;340442;9;Broadway Broadcasters;My Mother's Eyes;English
8202;8202;9;Burt Bacharach and His Orchestra & Chorus;Trains and Boats and Planes;English
4852;277541;9;Doris Day;Secret Love;English
7583;7583;9;Frances Comstock & Alfred Drake;How High the Moon;English
5118;5118;9;The Beatles;Taxman;English
152634;446734;9;Wiz Khalifa featuring Charlie Puth;See You Again;English
23142;308565;9;P.J. Proby;Delilah;English
5294;201942;9;Dick Powell with Jimmie Grier and His Orchestra;Lullaby of Broadway;English
44435;44435;9;Cliff Edwards with Victor Young and His Orchestra and The Ken Darby Singers;When You Wish upon a Star;English
126096;222673;9;Alberta Hunter and Ray's Dreamland Orchestra;Someday Sweetheart;English
5555;5555;9;Anita Carter;Love's Ring of Fire;English
2696;2696;9;Ray Charles;Lonely Avenue;English
35389;35389;9;Dick Powell & Alice Faye;I've Got My Love to Keep Me Warm;English
114606;266155;9;Suzy Delair;C'est si bon;French
101001;101001;9;Gene Austin;She's Funny That Way;English
23239;1208108;9;Paul Whiteman and His Orchestra - Vocal Refrain by The King's Men;When I Grow Too Old to Dream;English
2901;2901;9;Buddy Johnson and His Orchestra - Vocal Chorus by Ella Johnson;Since I Fell for You;English
10472;10472;9;U2;With or Without You;English
5515;5515;9;Sting;Fragile;English
11051;11051;9;The Police;Every Little Thing She Does Is Magic;English
91832;91832;9;Judy Garland;The Trolley Song;English
59954;96942;9;Fisk University Jubilee Singers;Down by the Riverside;English
56072;56072;9;AC/DC;Thunderstruck;English
5316;5316;9;Judy Garland;Over the Rainbow;English
112640;118902;9;Mary Martin & Robert Preston;My Cup Runneth Over;English
5233;5233;9;Ethel Waters;Am I Blue?;English
145365;370607;9;Ed Sheeran;Photograph;English
5102;5102;9;Jr. Walker & The All Stars;Shotgun;English
7961;908821;9;Connie Haines;For Once in My Life;English
706;706;9;Bread;If;English
142008;347779;9;Maurice Chevalier;My Ideal;English
13540;13540;9;Eddie Albert & Marcy Westcott;This Can't Be Love;English
3995;3995;9;ABBA;I Have a Dream;English
12542;12542;9;Pixies;Where Is My Mind?;English
50379;50379;9;Bob Hope;I Can't Get Started;English
9576;9576;9;Harry Richman;On the Sunny Side of the Street;English
111952;314859;9;Ben Bernie and His Hotel Roosevelt Orchestra - Vocal Chorus by Scrappy Lambert;Mean to Me;English
12937;1038677;9;Carl T. Sprague;Red River Valley;English
11014;11014;9;Queen;We Are the Champions;English
64651;270255;9;Os Cariocas;Só Danço Samba;Portuguese
81722;82289;9;Guy Lombardo and His Royal Canadians - Vocal Refrain by Carmen Lombardo & Trio;A Fine Romance;English
5500;262210;9;Otis Williams;Unchain My Heart;English
5655;5655;9;Fred Astaire;Night and Day;English
28221;28221;9;Julia Sanderson and Donald Brian;They Didn't Believe Me;English
10338;10338;9;Sam & Dave;Soul Man;English
42997;42997;9;Hoagy Carmichael and His Orchestra;Lazy River;English
62433;62433;9;Mary Ellis and Dennis King;Indian Love Call;English
26542;26542;9;Margaret Simms & Paul Bass;Ain't Misbehavin';English
118399;160380;9;Frank Sinatra - Orchestra under the direction of Axel Stordahl;Day by Day;English
4846;4846;9;Irene Dunne;The Folks Who Live on the Hill;English
38517;115203;9;Bing Crosby;I Don't Stand a Ghost of a Chance with You;English
53997;53997;9;Tony Bennett with Percy Faith & His Orchestra;Blue Velvet;English
3260;3260;9;Gene Austin;Yes Sir, That's My Baby;English
47101;47101;9;Frankie Avalon - Orch. & Chor. directed by Peter De Angelis;Venus;English
86939;86939;9;John Raitt;Hey There;English
11649;11649;9;Johnny Hodges and Orchestra;Day Dream;English
115249;137291;9;Gus Arnheim and His Cocoanut Grove Orchestra - Vocal Refrain by Bing Crosby;I Surrender, Dear;English
127392;233399;9;Billie Holiday;That Ole Devil Called Love;English
13127;13127;9;Eric Clapton;Tears in Heaven;English
11054;11054;9;Sting;Englishman in New York;English
7584;7584;9;Carol Bruce;You Don't Know What Love Is;English
53687;53687;9;Ma Rainey acc. by Her Georgia Jazz Band;See See Rider Blues;English
3145;3145;9;Petula Clark;Downtown;English
15223;821036;9;Fred Astaire with Johnny Green and His Orchestra;Pick Yourself Up;English
5071;5071;9;Bobbie Gentry;Ode to Billie Joe;English
10065;10065;9;Hank Snow and His Rainbow Ranch Boys;I'm Moving On;English
4843;202900;9;Harry James and His Orchestra - Vocal Chorus by Buddy Di Vito;The More I See You;English
34699;34699;9;Tullio Carminati;The Song Is You;English
303;303;10;The Beatles;All My Loving;English
9350;186650;10;Jackie and Roy;Spring Can Really Hang You Up the Most;English
22148;22148;10;Petula Clark;Call Me;English
4826;4826;10;Fred Astaire;The Way You Look Tonight;English
139740;330884;10;Sia;Chandelier;English
11484;11484;10;Harry Richman;Exactly Like You;English
6403;6403;10;Nirvana [US];Come as You Are;English
132685;289626;10;George Olsen and His Orchestra;Everything I Have Is Yours;English
2673;2673;10;Bob Dylan;Blowin' in the Wind;English
13695;13695;10;Hank Williams with His Drifting Cowboys;Your Cheatin' Heart;English
28547;28547;10;Sonny Thompson - Lula Reed;I'll Drown in My Tears;English
4642;4642;10;Cher;Bang Bang (My Baby Shot Me Down);English
10154;10154;10;Brenda Lee;Rockin' Around the Christmas Tree;English
31003;1114356;10;Bonnie Dobson;The First Time Ever I Saw Your Face;English
5162;5162;10;Black Sabbath;Iron Man;English
4916;4916;10;"Nat ""King"" Cole";That's All;English
46408;46408;10;Carpenters;I Won't Last a Day Without You;English
125147;217158;10;Carl Ravell (The Singing Maestro) and His Orchestra;So Rare;English
132490;269904;10;João Gilberto;O Pato;Portuguese
625;625;10;Bob Dylan;The Times They Are A-Changin';English
367;367;10;Aerosmith;Dream On;English
135493;295487;10;Adele;Skyfall;English
7878;1088630;10;Les Brown and His Orchestra - Vocal Refrain by Shirley Howard;I Concentrate on You;English
7245;7245;10;Elaine Paige;Memory;English
226;226;10;Ben E. King;Stand by Me;English
13552;13552;10;Isabel Bigley;If I Were a Bell;English
39785;39785;10;Sophie Tucker;Some of These Days;English
5141;5141;10;Stevie Wonder;Living for the City;English
78838;269549;10;Sergio Mendes & Brasil '66;Triste;Portuguese
8872;8872;10;Bonnie Raitt;I Can't Make You Love Me;English
52851;52851;10;The Undisputed Truth;Papa Was a Rollin' Stone;English
85332;85332;10;Baden Powell e Vinicius de Moraes;Canto de Ossanha;Portuguese
42934;42934;10;Jose Collins;Peg o' My Heart;English
22451;22451;10;The Lovin' Spoonful;Daydream;English
20036;166886;10;Glen Gray and The Casa Loma Orchestra - Vocal Chorus by Eugenie Baird;My Shining Hour;English
109122;109124;10;Peggy Lee with Dave Barbour and His Orchestra;Golden Earrings;English
57375;57378;10;Guy Lombardo and His Royal Canadians;Auld Lang Syne;English
4728;4728;10;Celine Dion;My Heart Will Go On;English
114608;326907;10;The Radiolites;Sweet Lorraine;English
20064;20064;10;Carole King;I Feel the Earth Move;English
3904;333897;10;Roland Gerbeau;Que reste-t-il de nos amours ?;French
10577;10577;10;Ray Heatherton & Mitzi Green;Where or When;English
4749;338080;10;Richard Chamberlain;They Long to Be Close to You;English
4820;4820;10;Peter Cookson;It's All Right with Me;English
1362;1362;10;The Beatles with Billy Preston;Don't Let Me Down;English
59319;59319;10;Johnny Marvin;'Deed I Do;English
42311;42311;10;The Clovers;One Mint Julep;English
61933;61933;10;Jimmy Dorsey and His Orchestra - Vocal Chorus by Bob Eberly;All or Nothing at All;English
27911;498823;10;Martha Tilton with Paul Weston and His Orchestra;You Make Me Feel So Young;English
21025;21025;10;Billy Joel;Just the Way You Are;English
30424;30424;10;Bread;Make It with You;English
4277;4277;10;Eagles;Hotel California;English
642;642;10;The Leaves;Hey Joe, Where You Gonna Go;English
6441;122889;10;Mary Martin;The Sound of Music;English
10253;444618;10;Ruthann Friedman;Windy;English
11823;11823;10;Doris Day and Nestor Amaral;It's Magic;English
14229;386557;10;The Beatles;Love Me Do;English
623;623;10;Simon and Garfunkel;The Sound of Silence;English
177431;640788;10;Keala Settle & The Greatest Showman Ensemble;This Is Me;English
17274;17274;10;Frank Sinatra;Come Fly with Me;English
6485;6488;10;Ashley and Foster;House of the Rising Sun;English
32058;32058;10;Sarah Brightman & Steve Barton;All I Ask of You;English
284;160971;10;Cy Grant;Feeling Good;English
115692;845132;10;Phyllis Cleveland and Skeets Gallagher;I Want to Be Happy;English
119996;170394;10;The Revelers;Cottage for Sale;English
11249;404725;10;Danny Williams;This Guy's in Love with You;English
114408;318650;10;Johnnie Johnston with Paul Weston and His Orchestra;Spring Will Be a Little Late This Year;English
161;161;10;Cyndi Lauper;Time After Time;English
5440;5440;10;Mitzi Green;My Funny Valentine;English
7552;7552;10;Kelly Gordon;He Ain't Heavy, He's My Brother;English
3074;3074;10;The Beatles;Help!;English
144326;363860;10;Ellie Goulding;Love Me Like You Do;English
20710;20710;10;Jimmy Dorsey and His Orchestra;On Green Dolphin Street;English
1812;1812;10;Gilbert Bécaud;Et maintenant;French
124199;210636;10;Ozzie Nelson and His Orchestra;Say It Isn't So;English
3978;3978;10;The Jimi Hendrix Experience;Little Wing;English
33804;33804;10;Little Anthony and The Imperials;Goin' out of My Head;English
146806;380400;10;The King Cole Trio;No Moon at All;English
9297;9297;10;Lionel Hampton & His Orchestra;Midnight Sun;English
27477;152145;10;Warren Burton and Company;Aquarius;English
11657;276375;10;Emilio Tuero;Bésame mucho;Spanish
136166;302102;10;Pharrell Williams;Happy;English
3744;3744;10;The Four Voices;Sealed with a Kiss;English
27790;27790;10;Neil Diamond;Song Sung Blue;English
69943;69943;10;Duke Ellington and His Orchestra;Solitude;English
117849;373258;10;John Laurenz;Red Roses for a Blue Lady;English
19903;173303;10;The Sunshine Company;Up, up and Away;English
11358;819093;10;Glenn Miller and His Orchestra - Vocal Refrain by Ray Eberle and The Modernaires;You Stepped out of a Dream;English
6676;6676;10;Metallica;One;English
25000;25000;10;Jennifer Rush;The Power of Love;English
159387;511617;10;George Robey and Violet Loraine;If You Were the Only Girl (In the World);English
3092;3092;10;Ben E. King;Spanish Harlem;English
129436;247037;10;Gene Austin;The Lonesome Road;English
1378;1378;10;King Cole with Orchestra conducted by Frank DeVol;Nature Boy;English
4837;4837;10;Hiram Sherman, Frances Mercer, Hollace Shaw, Ralph Stuart;All the Things You Are;English
7816;7816;10;Duke Ellington and His Famous Orchestra;It Don't Mean a Thing (If It Ain't Got That Swing);English
