ray charles;14
guitar;148
cover;332
guitar lesson;71
willie nelson;3
hoagy carmichael;3
piano tutorial;11
lyrics;434
kartentrick;1
intro;3
band;7
tutorial;2
song;68
tommy heart;1
marillion;1
stereotype;1
debussy;1
;180
piano;362
creme;1
charles aznavour;1
karaoke;450
werner;1
in me;1
in me piano;1
james taylor;5
in me guitar;1
in me randy newman;1
von nancy sinatra;1
jessica simpson;1
cruella;2
instrumental;72
(cruella remix);1
wind and fire;1
blood sweat and tears;3
wind and fire live;1
in reverse;1
down;1
into your smile;1
apart;1
in love;1
harry styles;1
for you;3
trailer;50
backing track;132
john mayer;4
barbra streisand;11
sting;4
west ham;1
hooligans;1
original;28
cockney rejects;1
green street hooligans;1
doris day;10
übersetzung;11
the righteous brothers;1
- the righteous brothers lyrics;1
dionne warwick;6
- the righteous brothers (1965);1
- righteous brothers reaction;1
customs;1
sound of music;2
man in the high castle;1
sondler;1
lied;2
air;1
bring me edelweiss;1
incognito;1
- stevie wonder;2
sing;3
jacob collier;3
bob marley;1
frank sinatra;100
ella fitzgerald;89
ray noble;3
hadda brooks;1
of a fool;1
of an engineer;1
of a minimalist;1
japan;1
of a student;1
of a doctor;1
the beatles;17
amy winehouse;8
miles davis;14
tenor sax;5
play along;54
amigos;1
bmw;1
e46;1
mamma mia;3
jim brickman;1
bill evans;14
movie;10
full movie;13
stevie wonder;8
fats domino;4
beatles;32
engelbert humperdinck;4
dean martin;23
nat king cole;23
fix you;1
bluebells;1
tim myers;1
chorus;1
- dancelife orchestra feat. jason goldman;1
film;17
kawala;1
live;156
europe;2
carpenters;5
bartoli;1
knodt;1
bartoli vivaldi;1
simon and garfunkel;3
ahern;1
bartoli händel;1
the monkees;1
remix;182
glee;22
mary beth maziarz;1
prince;1
jamule;1
capital;1
louis armstrong;22
kay starr (1945);1
jackie gleason;1
james p johnson;1
donald kahn;1
sammy nestico;3
jazz;32
esther phillips;1
trombone;1
jojo;1
feedback;1
olexesh;1
faces;1
gershwin;15
in london town;1
michael buble;15
big band;20
showboat;1
- mächtiger mississippi;1
noten;2
caterina;1
man river;1
temptations;2
verfahren;1
just in sequence;1
produktion;1
beschaffung;1
lieferung;1
simple club;1
erklärung;1
venom;1
louis prima;6
shirley bassey;4
donny hathaway;2
coots;1
roberta flack and donny hathaway;1
frankie valli;3
audrey hepburn;1
frank ocean;1
mundharmonika;2
ukulele;18
trailer german;4
is alien;1
nirvana;2
trailer deutsch;13
shiloh dynasty;1
marvin gaye;2
here;2
in brazil;1
gitarre;21
techno;4
oh my darling;1
(high noon) lyrics;1
pendulum;1
music;7
deutsch;55
wonderwall;1
and wizardry;1
deck 2021;1
tina turner;2
beyonce;2
tina turner live;1
elvis presley;19
the voice;33
sam cooke;5
dsds;3
jennifer hudson;2
greta van fleet;1
otis redding;5
solomon burke;1
simply red;2
r&b;1
simply red lyrics;1
hymn;1
johnny cash;12
alan jackson;1
look;1
ne yo;1
chainsmokers;1
lemaitre;1
to the edge;1
kings of leon;1
the blackwells;1
megan mullally;1
linda ronstadt;9
rodgers and hart;2
carmen mcrae;2
doku;2
django reinhardt;12
today;1
outlaw;1
atom bomb;1
hiroshima attack;1
chimera;1
porgy and bess;2
leontyne price;1
audra mcdonald;2
bona fide;1
accompaniment;4
violin;2
gasp;1
one direction live;1
gasp instrumental;1
2;6
slowed;32
billie holiday;31
in alanya;1
leo robin;1
norah jones;3
sylt;1
fallout;1
gaga;1
lady gaga stefani germanotta nadir khayat;1
edit;2
dance;20
civer;1
angela mccluskey;1
perry como;8
meg donnelly;1
commercial;1
the holidays 1954;1
make a wish;1
give me your hand;1
felix jaehn;1
shut your mouth dream a dream and get us out lyrics;1
spartaque;1
rhodes;1
westen;1
joe bonamassa;1
newman;1
disney;4
eden;1
irons;1
thunder;1
steve zegree;1
thunder live;1
lyrics deutsch;7
chords;35
solo;9
drum cover;3
bass cover;2
reaction;14
iron maiden live;1
da clubbmaster;1
rappin 4 tay;1
the spinners;1
the growlers;1
alec wilder;1
joan osborne;1
beatles lyrics;7
- the beatles subtitulada;1
bts;3
choir;15
posture;1
melanie thornton lyrics;1
bobby vinton;3
the paris sisters;1
melanie thornton;1
line dance;5
ireen sheer;1
patti page;1
kim wilde;1
supremes;2
vanilla fudge;1
little richard;1
gene vincent;1
barbershop;3
stan getz;7
antonio carlos jobim;5
judy garland;5
wynton marsalis;1
blue mitchell;1
dinah washington;3
jazz standard;1
sarah vaughan;13
ryan kisor;1
diane schuur;1
transcription;2
blackbear;1
now;2
cab calloway;3
1924;1
mills brothers;2
harry roy;1
nobody's sweetheart;2
lennie niehaus;1
wolpe;1
elvis;7
i'll hold you;1
blues;2
billy swan;1
cheap trick;1
movie 1954;1
sinatra;8
song wikipedia;1
never gone;1
queensberry;1
post malone;1
to die heath ledger;1
phoenix;2
to be sad;1
to die jamiroquai;1
to die heath ledger trailer;1
astrality;1
bridgerton;1
chet baker;36
quadeca;1
lumity;1
marc ustari;1
joao gilberto;11
jobim;9
astrud gilberto;5
island;1
island wiedersehen;1
island 2021 folge 10;1
island 2021 folge 9;1
island vip;1
island 2021 folge 11;1
island usa;1
billie holiday lyrics;2
fallout 4;2
conor albert;1
roger waters;1
derek pope;1
pink floyd guitar lesson;1
pink floyd live;1
gary shearston;1
cole porter;15
jamie cullum;8
buble;1
goes;1
bruce springsteen;5
joe brown;1
gypsy jazz;6
giant;1
concert for george;1
ed sheeran;5
stevie wonder lyrics;5
bass;20
stevie wonder live;1
michael jackson;9
karaoke female;1
bronski beat;1
boy;2
for nothing;1
boy freestyle;1
money money;1
boy joiz;1
in the bank 2021;1
boy choices;1
trees;1
my name is susi;2
neighbor;2
again;5
darkness my old friend;2
kitty;2
there;2
my name is zuzie;2
ronettes;1
irving berlin;3
blasmusik;3
dixieland;3
titanic;1
sax quartet;1
bessie smith;2
leon redbone;1
clarence williams;2
jack norworth;1
1908;1
cocomelon;1
kidsongs;1
carousel;1
was a promise;1
in the 90s;1
was a promise slowed;1
carousel karaoke;1
less i might be able to talk about it more;1
delta rae;1
lip sync;1
art blakey;1
leaving las vegas;1
hair;3
oliver;1
simpsons;3
roger whittaker;1
hair lyrics;1
victor young;2
the dimensions;1
cinderella;1
cinderella karaoke;1
ariana grande;5
cinderella lyrics;1
no strings lyrics;1
i'll ever hear;1
cinderella brandy;1
cinderella cover;1
lady gaga tony bennett;1
maliq;1
max raabe;2
count basie;3
vernon duke;3
g unit;1
mike;1
50 cent;1
is over the ocean;1
mike yours remix;1
susan hayward;1
mario lanza;3
jane froman;1
spring is here;1
gospel;5
organ;2
trompete;3
peter frampton;1
acoustic;17
michael mcdonald;2
straight no chaser;1
ben l'oncle soul;1
storm large;1
b.j. thomas;1
- b.j. thomas (1970);1
b.j. thomas lyrics;1
spiderman;2
to me;1
to me can't you see;1
tiktok;14
victorious cast;1
juice wrld;3
nightcore;13
bing crosby;10
hudson hawk lyrics;1
movie bruce willis;1
michael kamen;1
big dee irwin and little eva;1
bob dylan;6
harold arlen;6
modern family;4
rod stewart;6
art pepper;1
diana krall;15
barbra streisand michael buble;1
harry connick jr;3
caetano veloso;3
luisa pereira;1
tom jobim;10
marcos valle;1
esports;1
your flag;1
vadeal;1
dean lewis;1
oscar levant & edward heyman;1
blink 182;1
keith jarrett;6
if i'm still in love with you;1
esperanza spalding;1
andy gibb & olivia newton-john;1
if i'm poppin see them watching;1
i want you;1
michael jackson demo;1
hardtekk;1
hardstyle remix;1
tekk;1
why ask;1
tony bennett;10
tony bennett george michael;1
michel legrand;3
karaoke male part only;1
are awesome;1
playground;1
watching;1
are people;1
help the people;1
are strange;1
help the people karaoke;1
brother leo;1
carlton;1
tom jones lyrics;1
goodfellas;1
jack jones lyrics;1
burt bacharach lyrics;1
dionne warwick lyrics;3
song lyrics;2
frank sinatra lyrics;3
andy williams lyrics;2
julie london lyrics;1
grant green;2
bobby darin;6
michael buble karaoke;1
frank sinatra karaoke;3
christina perri;1
twilight;1
hochzeitstanz;1
bob dylan lyrics;1
jimi hendrix;3
green day;1
jimmy durante;1
new york voices;2
sammy fain;1
isto;1
deer;1
meme;10
lucifer;7
reh;1
billy paul;1
text deutsch;2
my only sunshine;1
spieluhr;4
guitar tutorial;3
spencer williams;2
david lee roth;1
marion harris;2
marie antoinette;1
ganzer film deutsch;3
bow wow wow;1
where angels fear to tread;1
linkin park;1
adele;3
acousti;1
depeche mode live;1
route 66 depeche mode;1
depeche mode lyrics;1
101;1
live - devotional 1993;1
my fair lady;4
piano accompaniment;3
flute grade 2;1
on my mind;1
look on the bright side of life;1
forever;1
bon jovi;3
hungry;1
overdressed;1
remember us this way;1
on time;1
beatles piano;4
paul mccartney;4
beatles karaoke;2
vinicius de moraes;3
maysa;3
maria bethania;1
agostinho dos santos;1
gal costa;5
baden powell;3
lyrics english;3
camará;1
beber por dia;1
bica no quintal;1
whitesnake;2
guitar cover;3
connie francis;2
connie francis lyrics;1
eva cassidy;3
robert plant;1
tim hardin;1
four tops;2
small faces;1
joan baez;2
george corey;1
the last of us;1
aka aka & thalstroem remix;1
pete escovedo;1
al green lyrics;1
von al green;1
pulp fiction;1
phil collins;3
carry that weight the end;1
beth hart joe bonamassa;1
bernice petkere;1
(kenny clarke-francy boland);1
layton and johnstone;2
me;3
al bowlly;2
natalie cole;3
charlie parker;7
electro swing;2
seth macfarlane;3
fred astaire;5
cas haley;1
infected mushroom;1
bad computer remix;1
wiz khalifa;1
rocky;1
ergo;1
jenn grant;1
joão gilberto;5
os cariocas;2
celso fonseca;1
cifra;1
tim maia;1
lola cosmetics;1
3;3
4;2
reborn;1
1;1
2 trailer german;1
dobie gray;1
gregory porter;1
bryan ferry;6
mitchel musso;1
mango walk;1
jane monheit;4
space;1
jose james;1
buddy johnson;2
till brönner;1
randy crawford;3
you;3
yours tonight;1
edit audio;4
alone;2
henry mancini;3
wes montgomery;5
kurt cobain;1
kurt cobain guitar lesson;1
pat metheny;2
joe cocker;4
the lovin' spoonful;1
quincy jones;3
now united;1
los panchos;1
trini lopez;1
xavier cugat;2
leslie clio;1
winkler;1
zum abschied sag ich dir goodbye;1
martiness;1
blue diamonds;1
olaru;1
fottner run;1
mean girls;1
blackpink;1
modern jazz quartet;1
percy faith;2
steve lawrence lyrics;1
donny osmond;1
bobby vee;1
the happenings;1
donny osmond lyrics;1
carole king;3
the crown;1
lady gaga;3
bee gees;1
dru hill;1
peggy lee;7
bobbie gentry;2
burt bacharach;6
lonnie donegan;1
demo;1
mellotron;1
pomade;1
traktor;1
putin;1
fingerstyle;1
john lee van morrison;1
john lee;1
ink spots;2
1933;2
ellie;1
whitney houston;1
home free;2
pentatonix;3
home free reaction;1
christmas song;1
gremlins;1
rolling stones;7
gino vannelli;1
natasha bedingfield;1
birdy;2
bishop briggs;1
cecile mclorin salvant;1
live michael jackson;1
break science;1
preacher man karaoke;1
preacher man lyrics;1
preacher man joss stone;1
preacher man remix;1
preacher man sarah connor;1
preacher man cover;1
preacher man aretha franklin;1
preacher man pulp fiction;1
gotou;1
gaudi;1
i remember everything;1
to say sorry;2
zotiyac;1
royal wedding;1
jj lawhorn;1
to give a damn;1
pat boone;1
pat boone lyrics;1
pat boone karaoke;1
bill haley;1
john coltrane;3
ane brun;1
i see the light;1
my love has come along;1
etta james cover;1
von the mamas & the papas;1
josé feliciano;1
(tek-house extended);1
sia;2
pink karaoke;1
arizona zervas;1
tango;1
moulin rouge;3
roxanne;1
milky chance;2
peter nero;1
cafe society;1
old;1
lukas graham;2
scorpions;1
cat;1
stefanie heinzmann;2
dennis brown;1
frankie miller;1
and earth angel;1
peter tosh;1
lotta shakin goin on;1
leonie;1
1 hour;5
leony remix;1
noon remix;1
il volo;1
carreras;1
caruso;1
sammy davis jr;5
benny benack;1
bye bye birdie;1
percy mayfield;1
fiona apple;2
gladys knight;3
bb king;2
red garland;2
the animals;1
john barry;1
soundtrack;15
madagascar;1
andy williams;5
hans zimmer;1
sascha;1
pie;1
honey;1
badger;1
im good;1
with laura;1
lindemann;1
survive;1
ps4;1
sam feldt;1
alabama;1
sengen;1
lenin;1
or goodbye;1
vibrations;1
bye may love goodbye;1
bye lenin soundtrack;1
bye lenin trailer;1
my lover;1
the shirelles;1
smokey robinson;2
dirty dancing;1
hurra hurra die schule brennt;1
phineas and ferb lyrics deutsch;1
crashed the wedding;1
dj bowie jane;1
tv;1
in bangkok;1
grateful dead;1
wallace saunders;1
mississippi john hurt;1
pete seeger;1
nick cave;3
matilda;1
and the tower of pain;1
the weavers;1
boy remix;1
olympia;1
langhantel;1
am kabelzug;1
deyes;1
solomons;1
templeman;1
solomons death;1
solomons deutsch;1
hartkor;1
boe;1
patten;1
luxury belek;1
luxury okurcalar;1
luxury beach;1
blüte;1
real madrid;1
sauna;1
luxury beach avsallar;1
beach boys;2
bioshock;2
one direction;2
cimorelli;1
bbc;1
tokio hotel;1
gntm;1
manhã;1
musica;1
da manhã;1
gratidão;1
5 minutos;1
para emagrecer;1
ho'oponopono;1
scrubs;2
gunbarrel;1
herb alpert;3
mel torme;3
mark taylor;5
jim hall;3
adele karaoke;1
adele lyrics;1
lost kings;1
jerome kern;10
oscar peterson;4
marvin fisher;1
mccoy tyner;1
lyrics sarah vaughan;1
tabs;2
aerosmith guitar lesson;1
al jolson;2
daffy duck;1
con andrea bocelli;1
paul & luke & simon de jano;1
testo;1
bedeutung;1
byrds;1
melanie;2
the byrds lyrics;1
trumpet;4
fame;1
lemonheads;1
herb alpert & the tijuana brass;2
paul desmond;2
sukiyaki;1
bobby scott;1
sayonara;1
supremes and four tops;1
bb king eric clapton;1
deep purple;1
julie london;11
matt monro;1
lena horne;1
osvaldo farrés;1
peter kent und luisa fernandez;1
youtube;2
duke ellington;4
fugees;1
killing stalking;1
motorhead;1
buddy rich;1
tonight;4
wildflower;1
teevee;1
tonight nicki minaj;1
saxophone;15
katie melua;1
abc;1
dusty springfield;2
slum village;1
madonna;1
musical;8
sarah vaughan lyrics;1
lyrics carmen mcrae;1
damn yankees;1
gotan project;1
lyrics nat king cole;1
ruth etting;2
billie eilish;2
billie eilish karaoke;1
billie eilish slowed;1
rob dickinson;1
black pumas;1
glen campbell;2
fritz kalkbrenner;1
guns n roses;2
love you delfonics lyrics;1
love you;1
love you karaoke;1
love you swing out sister lyrics;1
love you cover;1
love you the jets;1
love you reggae;1
love you live;1
dragons;1
dragons follow you;1
john lennon;2
dragons wrecked;1
dragons believer;1
dragons demons;1
dragons radioactive;1
dragons natural;1
daryl hall;1
amy;1
ruby and the romantics;1
amy winehouse lyrics;1
chris botti;1
jill scott;2
natalie cole lyrics;2
prologue;1
serie;2
herbolzheimer;1
stacey kent lyrics;1
nothing can be done;1
hörbuch;1
filme;1
hörspiel;1
deutsch kompletter film;1
access memories;1
robert palmer;1
of you;3
artie shaw;6
helen forrest;1
monkees;1
neil diamond;5
haikyuu;2
boomwhackers;1
canadian brass;1
roy eldridge;2
- jimmy mchugh;1
guitasr;1
jim croce;1
xmen;1
vera lynn;3
lord tanamo;1
elton john;4
hochzeit;4
joni mitchell;2
cecile mclorin;1
brian wilson;1
beasley smith;1
frankie laine lyrics;1
new vegas;1
walkthrough;1
lion guard;1
ray conniff;5
glenn miller;3
saxophon;1
billy vaughn;2
les brown;2
rumba;1
stevie wonder karaoke;3
boney james;1
james taylor lyrics;1
isley brothers;1
kill bill;1
sixth sense;1
abracadabra;1
lagwagon;1
wayne wonder;1
acdc;1
indiana jones;1
patti lupone;1
cnn;1
ray charles piano;1
piano cover;1
john mayall;1
rare earth;1
john legend;3
kimiko itoh;1
panic at the disco;2
leichtmatrose;1
blood sweat and tears lyrics;1
brenda;1
alton ellis;1
gloria estefan;1
ending;3
about what you don't know;1
pal joey;1
lyrics frank sinatra ella fitzgerald;1
lyrics tony bennett lady gaga karaoke;1
lyrics frank sinatra karaoke;1
leon;1
beatles cover;4
only;1
only trailer german;1
why don't we;1
tanz;1
harry belafonte;2
deutsche version;2
eric carmen;1
celine dion;1
auf deutsch;2
chicago;1
chicago lyrics;1
harry james;2
john lennon paul mccartney;1
four guitar;1
four live;1
four piano tutorial;1
four paul mccartney;1
four yellow submarine;1
the carpenters;1
carpenters lyrics;2
del silencio;1
of the storm;1
david bowie;4
rill;1
and generals;1
esc;3
of might and magic 7;1
moments;1
the goat;1
aretha franklin;7
the drip karen;1
videos;1
spike;1
billy strayhorn;1
for the night guitar;1
for the night lyrics;1
for the night ukulele;1
for the night cover;1
for the night live;1
for the night instrumental;1
for the night piano;1
for the night acoustic;1
biedermann;1
michel jarre;1
paul;1
die kamikaze diebin;1
claude van damme;1
pierre kraemer;1
for you aretha franklin;1
for you lyrics;1
for you glee;1
for you piano;1
for you aretha franklin lyrics;1
for you hochzeit;1
cars;1
asleep at the wheel;1
bobby troup;1
rv;1
how it would feel to be free;1
you before;1
you when i was young;1
how it would feel to be free nina simone;1
how it would feel to be free piano;1
how it would feel to be free lighthouse family;1
how it would feel to be free lyrics;1
how it would feel to be free karaoke;1
dr house;1
daft punk;1
house;1
sam smith;1
casablanca;1
herman hupfeld;1
zuma dionys;1
zooey;1
ukulele tutorial;2
hsmtmts;1
nancy wilson;4
agung hapsah;1
rock;2
joey ramone;1
this would be;1
steiner;1
marta keen;1
2021;2
finale;1
finale 2021;1
valentina pahde;1
profi challenge;1
kids￼ 2021 finale;1
contemporary;1
gloria gaynor;2
lupin;2
coldplay;2
submarine;1
claw;1
bar mitzvah;1
lemon tree;1
love;2
love ep 1 eng sub;1
french montana;1
love ep 7 eng sub;1
nico santos;2
love ep 21 eng sub;1
pfäfflin;1
gross;1
weiß;1
raven;1
lee;1
weiś;1
stein;1
vinel;1
robbie williams;5
nina hoss;1
when you speak love;1
lucia cadotsch;1
leslie odom jr;1
manhattan transfer;1
kirby shaw;1
tori amos;1
phil collins lyrics;1
matt mauser;1
- 2016 remaster;1
mariah carey;2
von herby neumann;1
spannen;1
spielen;1
and gentle people;1
and gentle;1
and gentle lyrics;1
why him;1
sharon cuneta;1
episode 1;1
the psychopath sitting next to you slowed;1
hi gloss;1
what hit you;1
the murderer sitting next to you;1
ariana grande live;1
dear how much i love you;1
the psychopath sitting next to you edit audio;1
beach boy official music video;1
flawless issues;1
marky mark and the funky bunch;1
man;2
simon and garfunkel live;1
playboi carti;1
eric clapton;4
warren g;2
bob marley lyrics;1
jimmy cliff;1
hothouse flowers;1
lil darkie;1
staind;1
dinah shore;1
jacob davis;1
chante moore;1
albert collins;1
isaias savio;1
villa lobos guitar;1
has tiktok spiderman;1
para gabriela;1
nao modao;1
elis regina;2
james bond;2
wings;1
led zeppelin;2
tom jones;5
roger miller;2
o.c. smith;1
bloodstone;1
beatles guitar lesson;8
beatles live;1
2wei;1
ramsey lewis;1
you move me;1
i got high;1
the night;2
i love you;2
im happy;1
you move me tinlicker & helsloot;1
of you karaoke;1
bernstein;1
alan parsons project;1
on the town;1
alan parsons;1
tiktok remix;1
slowed tiktok;1
8d;2
calvin harris;2
rosa passos;1
milton nascimento;1
coisa mais linda;1
nick drake;1
brad mehldau;2
andy bey;1
problems;1
film deutsch komplett;1
south pacific;2
wala ha;1
bali ha'i;2
bali hai;1
bali hanuman;1
monk;1
sweet love;1
jackie deshannon;1
- remastered jackie deshannon;1
jack teagarden;2
kiss;1
little mix;1
little mix live;1
elvis presley karaoke;2
elvis presley lyrics;3
elvis presley live;2
django;2
right now;1
nox vahn marsh;1
james brown;3
pigbag;1
tag;1
tiny tim;1
harry nilsson;1
the kinks;1
going;1
the fantasticks;1
the brothers four;1
matt dennis;1
julien bam;1
axwell ingrosso;1
los lobos;1
playing for change;1
the browns;1
sinead o'connor;1
marilyn monroe;2
spider man;1
barney kessel;1
elvis presley lachversion;1
(famous laughing version) elvis presley;1
by the number guy mitchell;1
and pain;1
al bowlly slowed;1
ted weems;1
by al bowlly;1
by the number lyrics;1
bruce hornsby;1
the platters;2
lanzarote;1
barbados;1
marsaxlokk;1
a silent film;1
- gilbert o'sullivan;1
megamind;1
stuart little 2;1
pink;1
waits;1
wizkid;1
dove cameron;1
bing crosby grace kelly;1
lions head;1
slowed 1 hour;1
slowed reverb;1
annie lennox;3
nina simone;8
helge schneider;1
dave wolpe;2
gershwin piano;2
luther vandross;2
family guy;5
dj isaac;1
george gershwin;4
emil bulls;1
black mustang;1
book;1
benny goodman;12
dorothy ashby;3
cannonball adderley;4
lofi;2
ivete sangalo;1
paul williams;1
carpenters karaoke;1
caterina valente;2
don raye;1
aw man;1
radiohead;1
art;1
you nat king cole;1
you the mask;1
you billie holiday;1
you ella fitzgerald;1
you guitar;1
you piano;1
over the rainbow;1
only we know;1
over the rainbow ukulele;1
over the rainbow robin schulz;1
over the rainbow remix;1
far away;1
i belong;1
over the rainbow karaoke;1
gene kelly;2
tony joe white;1
brook benton;1
(benson george);1
marbert rocel;1
patsy cline;2
johnny rivers;2
by john lennon chuck berry and yoko ono;1
you were here;1
i had an angel;1
you were gay;1
you love;1
i knew how it would feel to be free;1
skee lo;1
that you were mine;1
oli p;1
jimmy van heusen;5
arturo sandoval;1
al jarreau;4
beatles reaction;1
morten harket;1
ray henderson;2
paul whiteman;1
house of cards;1
klavier;2
janis joplin;1
janis joplin lyrics;1
nina simone piano;1
richard rodgers;3
nina simone album;1
chris barber;3
ken colyer;1
cha cha;2
billy vaughn youtube;1
bette midler;2
sonata arctica;1
lee greenwood;1
readings;1
t'pau;1
readings neu;1
twin atlantic;1
diana ross & the supremes and the temptations;1
jayhawks;1
diana ross;1
dee dee warwick;1
dmx;1
bill withers;1
noel harrison;1
rolling stones lyrics;1
don gibson;2
neil young;1
nancy sinatra;1
kentucky headhunters;1
walzer;1
mary poppins;1
chor;1
kurt weill;2
is coming in walker brothers;1
my rules;1
will sail johnny cash;1
kurt weill karaoke;1
weill;1
is coming in;1
and desire;1
tania evans;1
russ columbo;1
utada hikaru;2
and desire english cover;1
veronica swift;1
patrick cc;1
chris cornell;1
swann;1
paul mccartney live;1
nova;1
bobby womack;1
frank sinatra count basie;1
(2007 mix 2021 remastered );1
bobby womack lyrics;1
- the temptations;1
the temptations lyrics;1
paltrow;1
shrek;2
wise guys;1
game;1
fu manchu;1
blanca;1
freddy quinn;1
hans albers;1
boys;1
ade;1
akkordeon;3
freddy quinn deutsch;1
cannonball;1
victor military band;1
nah neh nah;1
what's a woman;1
puerto rico;1
wer nur den lieben gott lässt walten;1
my darling;1
pauvre diable;1
don't break my heart;1
girl dance;1
led zeppelin guitar lesson;1
premier league;1
ohne dich;1
led zeppelin orchestra;1
dj ötzi;1
stadion;1
wembley;1
england;1
bert kaempfert;3
les paul & mary ford;1
frijid pink;1
mondello;1
palermo;1
mondello sicily;1
armstrong;1
marsalis;1
bauer;1
track;3
blues brothers;1
the shadows;1
sam and dave;1
a comin';1
guitar solo;1
jem;1
aylo;2
massive attack;1
on my guitar;1
sf9;2
mzpd;1
camper;1
rumer;1
panic at the disco lyrics;1
like sarah doesn't care;1
i didn't have a clue;1
taylor swift lyrics;2
taylor swift slowed;1
reputation tour;1
iread2know;1
by the carpenters lyrics;1
room 1408;1
lee mcdonald;1
regine velasquez;1
morissette;1
regine velasquez reaction;1
regine velasquez karaoke;1
katrina velarde;1
sophie hunger;1
edith piaf;4
regina spektor;1
hugh jackman;1
jorge ben;2
weather;1
weather miraculous ladybug;1
monday blues;1
weather 2;1
glitches;1
ascent;1
sea;1
monday allman brothers;1
original version;2
the moody blues;1
mamas and papas;2
klopfgeister;1
tom ellis;1
mit luca;1
like me;1
just like me;1
like me barbie;1
like diamonds in the sky;1
jazz piano;1
daughter;1
live lounge;1
dead or alive;1
leonard cohen;1
candlebox;1
city and colour;1
the new moon;1
patrick bartley;1
eddie vedder;1
eliana ribeiro;1
ferrugem;1
scambo;1
sempre;1
para sempre;1
e mais ninguém;1
de ca;1
rooftop singers;1
colour castle;1
sit right down baby let your hair hang down;1
gus cannon;1
dr hook;1
dr hook lyrics;1
sit right down;1
katie melua lyrics;1
katie melua live;1
katie melua karaoke;1
i lied for you ynw melly;1
hintergrund;1
in love with you beatles;1
cover girl;1
doug wood;1
waylon jennings;1
leon russell;2
michael brecker;1
abba;2
abba piano;1
abba slowed;1
is a gumiho;1
laurel and hardy;1
barbershop quartet;1
oliver hardy;1
over the garden wall;1
my life;1
will never die;1
is a tango;1
story;3
is your love;1
route 94;1
jhene aiko;1
loving caliber;1
hallman remix;1
huey lewis;1
violão;3
pub;1
louis tomlinson;1
put on your sunday clothes;1
jerry herman;1
michael crawford;1
female cover;2
album;1
up;2
up again;1
here deku;1
up g eazy;1
on track;1
asap;1
tlc;1
all day;1
fish;1
how to level up mentally;1
periode;1
always;1
vic damone;1
mitski;1
angelina jordan;3
shop;1
shop remix;1
dulfer;1
crush;1
challenge;2
store;1
animation;1
how high is the sky;1
anita o'day;1
renee olstead lyrics;1
renee olstead karaoke;1
mash;1
1950;1
merengue;1
is all of me;1
tears;2
travis;1
with a swing;1
andrews sisters;3
ep 1 eng sub;1
herb ellis;1
kurt elling;2
clifton chenier;1
thelonious monk;6
kenny rogers;2
boogie woogie;1
spike jones;2
baby;4
honey honey;1
baby bash;1
archies;1
steely dan;1
steve aoki;1
röyksopp;1
nightwish;1
michael jackson live;1
alanis morissette;2
tank girl;1
coach bennett;1
dj cammy;1
you between my arms;1
dev;1
ellie goulding;1
elton john piano;1
elton john cover;1
frank & nancy sinatra;1
female part only;1
better call saul;1
transfer;1
love story;1
projekt;1
cocktail;1
queen;3
kiss and say goodbye;1
transfer soul food to go;1
remix 2020;3
joe stampley;1
ben webster;3
hallmark;1
frank mantooth;1
sonny rollins;4
- charlie parker;1
luke thompson;1
lost highway;1
the king and i lyrics;1
solo lesson;1
pulse;1
solo cover;1
münchen;1
kassel;1
- anita baker;1
amy winehouse tony bennett;1
coleman hawkins;2
erroll garner;1
richard harris;1
blasorchester;2
maynard ferguson;1
beggar's opera;1
jimmy webb;2
philip sparke;1
derek watkins;1
nimo;1
depeche mode;2
nina hagen;1
agnes obel;1
aladdin;1
german;3
songs;3
2 songs;1
here we go again;1
dance workout;1
marilyn manson;1
trinix;1
puppet master;1
h&m;1
foushee;1
breaking bad;2
the peddlers;1
mantovani;1
hozier;1
donovan;1
iggy pop;2
donovan lyrics;1
donovan guitar lesson;1
annie ross;1
alison krauss;1
in the sand pat boone;1
in the sand;1
to god;1
straight from your heart;1
ketty lester;1
metronomy;1
to the dead;1
the moon;2
the moon);2
state fair lyrics;1
nils landgren;1
oleta adams;1
jimmy somerville;1
paul young;2
steppenwolf;1
saumäßig unterwegs;1
the living tombstone;1
cry for you;1
rain;1
james arthur;1
dissy;1
ray conniff singers;1
ariana grande lyrics;1
leave it to me;1
show;1
you belong me;1
alex band;1
west side story;1
is what it means to be young;1
gonna be a good night;1
george jones;1
the band;1
brantley gilbert;1
money hank williams;1
dolly parton;1
ciara;1
westworld;1
hidden citizens;1
bruno mars;2
pitch perfect;3
barry white;2
shania twain;1
shania twain & bryan white;1
kiss me kate;1
persona 3;1
andy borg;1
nele hirsch;1
clarinet;3
lyrics bryan adams;1
robin hood;1
the commitments;1
sandy rivera;1
otis redding lyrics;1
chris brown;1
rolling stones original;1
julian lennon;1
melanie lyrics;1
judy collins;2
melody gardot;1
patrick;1
will ferrell;1
fletch;1
fireflies;1
before sundown;1
talk talk;1
journey;1
frozen multilanguage;1
multi language;1
joe pass;2
ukulele orchestra of great britain;1
philipp braham;1
the rolling stones;1
britney spears;2
devo;1
beatles guitar;1
barclay james harvest;1
metal gear solid;1
bowie;2
decree;1
loop;1
bunnies;1
secret;1
jafry;1
day;4
fuller house;1
anatevka;1
pamela;1
ed sheeran remix;1
ed sheeran live;1
washington;1
jane;1
rudolph;1
und lari;1
shore;1
rodrigues hormon yoga übungen;1
washington this bitter earth;1
jane hansen;1
motörhead;2
marching band;1
richard berry;1
kingsmen;1
louie louie song;1
kinks;2
kelly clarkson;1
2020;1
bl;1
bea arthur;1
johnny mathis;2
lisa hannigan;1
up remix;1
up fat joe;1
up instrumental;1
abt;1
jacksepticeye;1
up tiktok;1
clarinet quartet;1
tony glausi;1
the savoy;1
avantasia;1
bay;1
picnic;1
- louis armstrong;1
- louis armstrong lyrics;1
vibe;1
andy grammer;1
cash cash;1
n;1
kyle;1
axwell;1
alabama shakes;1
toto;4
rebel;2
twin;1
bullfrog;1
wandavision;1
david garrett;1
james cleveland;1
a song;1
sadness;1
sadness remix;1
sadness karaoke;1
sadness lyrics;1
sadness slowed;1
and the livin is easy;1
march;1
w.c. handy;1
gloria;1
march blasorchester;1
дружим;1
peter;1
evanescence piano;1
evanescence cover;1
– bing crosby;1
eddie cantor;1
michelle pfeiffer;1
dr john;1
rachael macfarlane;1
hank williams;2
hank williams jr;3
conway twitty;1
bj thomas;1
i've changed;1
eva cassidy karaoke;1
george michael;2
doors;1
siouxsie and the banshees;1
morgan james;1
across the universe;1
grace jones;1
kelly key;1
dolores duran;1
cristian e ralf;1
perdi muitos amigos;1
você;1
kelly key karaoke;1
andrea motis;1
the doors;1
need for speed underground 2;1
kissing booth song;1
sergio mendes;2
lani hall;1
in the springtime;1
zaz;2
georgia gibbs;1
screamin jay hawkins;1
nelson faria;2
miucha;1
like us;1
like you;2
just wanna have fun;1
in the basement;1
on fire;1
of my dreams;1
from nowhere;1
joko und klaas;1
john wick;1
wilson pickett;1
i will wait for you;1
commitments;1
billy idol;1
scooter;1
dance academy;1
leo sayer;1
the jezabels lyrics;1
will young;1
feuerstahl;1
(jason parker x bootmasters remix);1
les miserables;1
joker;1
to apologize;1
to apologize remix;1
now i remember everything;1
to apologize lyrics;1
to turn back now;1
sons of anarchy;2
to apologize slowed;1
keith richards;1
jason donovan;1
cascades;1
with trygve;1
amv;3
the script;1
the script live;1
xj;1
neelix;1
boogie;1
trackhawk;1
nation;1
dexter gordon;1
out to dry;1
dry backing track;1
inner city remix;1
face reveal;1
smp;1
mask;1
theater;1
ralph rainger;1
sheet;2
studio 54;1
roger holmes;1
amy stewart;1
easy a;1
hüsker dü;1
leo kottke;1
roxy music;1
roger mcguinn;1
golden earring;1
the byrds live;1
selfsame;1
keely smith;2
jesse harris;1
norah jones karaoke;1
norah jones lyrics;1
westlife;2
helene fischer;1
josh groban;1
ann ronell;1
(waters of march);1
yellow submarine;1
yves montand;2
juliette greco;2
righteous brothers;1
ghost;1
orchester;1
jeff healey;1
dorsey;1
davis;1
brothers;1
baker;1
goodman;1
buffy sainte marie;1
new birth;1
roberta flack;2
reese witherspoon;1
carter family;1
june carter;1
banjo;1
kingston trio;1
carl sandburg;1
alter bridge;1
am blue;1
mauve;1
insieme;1
la vagabonde;1
uma;1
doodles;1
benko;1
zatara;1
on the seven seas;1
dierks bentley;1
u2 karaoke;1
u2 guitar;1
u2 live;1
u2 reaction;1
u2 cover;1
kick;1
car;1
blues status quo;1
michael sweeney;1
river;1
tennessee ernie ford;1
frank ticheli;1
petersens;1
bvb;1
liverpool;1
dortmund;1
toten hosen;2
me spongebob;1
me creepy;1
gene austin;1
the police;2
bad company;1
d'angelo live;1
george benson lyrics;1
bob james quartet;1
i wonder who;1
gershwin chor;1
june christy;1
steve tyrell;1
meet the robinsons;1
sometimes;1
sometime dean martin;1
paul baker;1
platters;1
blue haze;1
roberta;1
the five satins;1
jack jersey;1
rednex;1
(volare) domenico modugno;1
volare;1
dolce vita;1
eurovision;1
superhuman;1
ella fitzgerald lyrics;1
status;1
otto m. schwarz;1
sara bareilles;1
sara bareilles karaoke;2
boney m;1
acapella;2
al bano & romina power;1
blero;1
juanes;1
yiruma;1
jest fajna;1
twaja jony;1
gigi finizio;1
2019;1
2018;1
makes me feel fine;1
aftermovie;1
type o negative;1
2017;1
phil x;1
skid row;1
kdrama;1
cartoon;1
in the spring again;1
in the spring;1
in the spring again lyrics;1
in the spring again frank sinatra;1
in the spring again piano;1
in the spring again ivor novello;1
nerd;1
keir;1
step up all in;1
kraak & smaak;1
macaroni;1
fats waller;3
alan jay lerner;1
tessa anymore;1
it doesn't matter what i do;1
without you and i;1
without me;1
you know the cure;1
you go;1
ary barroso;1
skunk anansie;1
paul weller lyrics;1
that i can't explain;1
paul weller;1
spotnicks;1
gordon lightfoot;1
stars on 54;1
miki matsubara;1
anokucho beats;1
lorde;1
tears for fears;2
assassin's creed;1
sex and the city;2
it wouldn't be in summer;1
bullets over broadway lyrics;1
bullets over broadway karaoke;1
big time rush;1
architects;1
theme;1
christopher cross;1
christopher cross lyrics;1
christopher cross alto sax;1
you can do) hd;1
annie get your gun;1
when september ends;1
inside;1
when it's all over;1
in paris;1
ervin drake;1
10cc;1
10cc lyrics;1
enrique iglesias;1
kelsey lu;1
anymore;1
ten cc;1
frankie goes to hollywood;2
yungblud;1
aurora;2
enhypen;1
ray;1
dream;1
333;1
ray if i had a heart;1
dance tutorial;1
enhypen dance;1
outlander;2
bagpipes;2
isaac hayes;2
lyrics ella fitzgerald;1
cole porter lyrics;1
helen merrill;1
art pepper transcription;1
leo friedman;1
downton abbey;1
song leo friedman;1
leo friedman spieluhr;1
adventure time lyrics;1
playlist;1
kingdom hearts piano;1
kingdom hearts;1
tom jobim original;1
- united rhythms of brazil hernan nunzi os digitalistas;1
house of flowers;1
eve;1
lie;1
eve fewjar;1
new quintet;1
gone;1
shawn mendes;1
music and lights;1
spyair;1
illusion;1
foster the people;1
from the other side;1
flashback;1
along;2
montgomery;1
wilson;1
evans;1
victor lopez;1
hugh laurie;2
samu haber;1
julio iglesias;1
bbc big band;1
bill holman;1
bastille;1
lakey inspired;1
stevie wonder cover;1
jess glynne;1
for you the rembrandts;1
for you karaoke;1
carey;1
rosenberg;1
maria;1
magdalena;1
prean;1
und jounes;1
riverdale;1
michael andrews;1
and then you died in my arms;1
i didn't want to do it;1
r kelly lyrics;1
judy garland 1938;1
kazuo ishiguro;1
vampire diaries;1
tvd;1
– florence and the machine;1
groupie superstar;1
asmr;1
art tatum;1
frank zander;1
jack sparrow;1
dire straits;1
adam lambert lyrics;1
claude kelly;1
face;1
deutscher text;1
luiz bonfá;1
nara leão;1
elizeth cardoso;1
beth hart and joe bonamassa;1
yourself;2
chantal chamberland;1
angela mccluskey lyrics;1
herbie hancock;1
blue oyster cult;1
ezio pinza;1
sesame street;1
chris hadfield;1
walter mitty;1
astronaut;1
björk;1
ella;1
barbra streisand and frank sinatra;1
ella fitzgerald karaoke;1
the communards;1
have new names;1
out burning;1
blue;1
mary j blige;1
pentagon;1
marty robbins;2
i'm a thug;1
ima thug tiktok;1
i'm a thug meme;1
i'm a thug sike i lied;1
radiohead cover;1
radiohead lyrics;1
radiohead live;1
radiohead slowed;1
radiohead karaoke;1
deutsch ganzer film;1
gimme the funk;1
rush hour;1
michael jackson lyrics;1
- paula morelenbaum;1
roberta sa;1
eliane elias;1
sanford and son;1
rosemary clooney;1
how i do;1
like i do;1
elyah;1
kris kristofferson;1
al green;1
ray price;1
milton ager lyrics;1
charleston;2
muggsy spanier;1
judith durham;1
rauf faik;1
john hartford;1
the slits;1
gladys knight the pips;1
soultans;1
matt farrell;1
with matt ferrell;1
lstn;1
charles shavers;1
sky;1
malia j;1
a star is born;1
andrew rannells;1
billy porter;1
jim lowe;1
leonardo dicaprio;1
las vegas review;1
in hindi;1
part 2;1
hulk;1
freestyle;1
manhattans;1
catherine russell;1
etta james;1
i'll go crazy;1
live aid;1
muppets;2
nara leao;1
roberto menescal;1
bossa nova;1
karrin allyson;1
jingle bells jingle all the way;1
trap;1
on your toes;1
i prevail;1
parody;1
stream;2
jr;1
scott mckenzie;1
emile mosseri;1
subtitulada;1
ministry;1
bryan adams;1
bob dylan original;1
duran duran lyrics;1
the flamingos;1
the flamingos lyrics;1
art garfunkel;1
wow;1
harry warren;3
charlie puth;1
ace;1
paul carrack;1
association;1
audra mae & the forest rangers lyrics;1
blue swede lyrics;1
barbra streisand 1977;1
is born (evergreen) (1976);1
thor;1
thor ragnarok;1
jack black;1
seether;1
ella fitzgerald louis armstrong;1
terry gibbs;1
fall apart twice a day;1
billie;1
the supremes;1
diana ross and the supremes;1
nicki minaj cover;1
nicki minaj;1
beverly hills cop 3;1
justin bieber;1
roy hargrove;2
informed;1
reminded;1
justis bratt;1
anime;1
rewind;1
mildred bailey;1
sonnenallee;1
black;1
dynamo 5;1
elizabeth ann;1
xavier rudd;1
marmalade;1
tommy dorsey;1
chet baker backing track;1
herb ellis joe pass;1
salsa;1
whoopty;1
coldplay live;1
coldplay remix;1
charlie brown;1
blackmore's night;1
rainbow;1
the damned;1
guns n roses lyrics;1
omd;1
with you duke;1
robert burian;1
curtis mayfield;1
kiss me kate broadway;1
with two;1
sound;1
camp rock;2
with you;2
with you cover;1
with you piano;1
with you ukulele;1
george benson;4
d train;1
just like this;1
stupid;1
in the water;1
just like this deutsch;1
about us;1
about you;1
just like this remix;1
new;1
sonny and cher;1
and on na na na na;1
fdvm;1
cher;1
buddy rich big band;1
logic;1
stranglers;1
sasha;1
seal;1
leroy van dyke;1
slaton;1
abraham;1
hembrow;1
das mädchen vom hausboot;1
faye;1
peterson;1
debbie reynolds;1
mcfly;1
rihanna;1
theme song;1
full episodes;1
finian's rainbow;1
jj johnson;1
meaning;1
tomorrow never knows;1
green;1
balanced;1
strangers;1
cut screams;1
world;2
pina bausch;1
frank loesser;2
guys and dolls;2
luke eisner and ava michelle;1
choi;1
paris;1
danzinger;1
vorbei;1
kleine prinzessin;1
idiot;1
phan;1
obama;1
duke ellington piano;1
duke ellington john coltrane;1
luther vandross live;1
glee lyrics;1
johnny hodges;1
beautiful south;1
at me glen campbell;1
nilsson;1
fred neil;1
harry nilsson lyrics;1
let it be;1
d crunch;1
bruno mars remix;1
dazel ukuto;1
anne murray;1
brown;1
brown in a bikini;1
chet atkins;1
anne murray family guy;1
leon redbone with ringo starr;1
orgel;1
zedd;1
jisoo;1
zillakami;1
jim carrey;1
music video;1
die toten hosen;1
yacht money;1
accordéon;1
janet jackson and luther vandross;1
that's what i want;1
russkaja;1
the good life;1
backing track slow;1
din din;1
dindirin;1
david guetta;1
jo stafford;1
shelley fabares;1
peter cetera lyrics;1
johan de meij;1
billy hill;1
bette midler lyrics;1
feat. jack johnson otis redding 50th anniversary;1
shinedown;1
rockschool;1
with mr. bloe;1
high;1
hard don menza/arr. dave barduhn;1
monkeys;1
on a sunday afternoon übersetzung;1
tango quintett;1
on a sunday afternoon;1
hugo winterhalter;1
gene ammons;1
thunderbird;1
singers;1
drift;1
band 1961;1
alec benjamin;1
gacha life;1
etta jones;1
frankie valli lyrics;1
billy j. kramer & the dakotas;1
everly brothers;2
peter paul and mary;1
sandie shaw;1
song little mix;1
song karaoke;1
song live;1
song cover;1
song little mix live;1
song piano;1
song remix;1
les paul and mary ford;1
steuererklärung;1
steuererklärung 2020;1
dnb;1
stevie ray vaughan;2
peter alexander;1
und julius;1
42nd street;1
gold diggers of 1935;1
pinocchio;1
spieluhr melodie;1
charleston chasers;1
jelly roll morton;1
king oliver;1
les paul;1
someday sweetheart;1
anita carter;1
clare bowen;1
of fire;1
of fire lyrics;1
van morrison;1
caffeine dreams;1
mad;1
leon bridges;1
i'm not sorry;1
ingrid michaelson;1
white christmas;1
eartha kitt;1
emilie-claire barlow;1
henri betti;1
quentin tarantino;1
nelson eddy;1
cliff richard;2
2cellos;1
kygo;1
x syndrom;1
x out of my league remix;1
x syndrom deutsch;1
staaten;1
sleeping at last;1
renee zellweger;1
broadway;1
cello;1
robin schulz;1
marusha;1
with love lyrics;1
reggae;1
clark sisters;1
batman;1
cotton club;1
george strait;1
for you joan armatrading;1
ed sheeran karaoke;1
ed sheeran lyrics;1
def leppard;1
willy;1
george ezra;1
beer;1
wedding;1
yellow claw;1
i die;1
i die young;1
the world was ending;1
i were a boy;1
you really love me;1
i lose myself;1
esc 2022;1
eurovision 2022;1
manga;1
martin luther king;1
one day;1
pixies;1
placebo;1
bunny berigan;1
with you backing track;1
jimmy mchugh;2
yuma;1
brett eldredge;1
future;1
lester young;1
harmonica;2
original song;1
italia;1
crazy frog;1
ella fitzgerald and louis armstrong;1
judi dench;1
joe cocker live;1
everything but the girl;1
oh what a lovely war;1
film deutsch;1
drake and josh;1
pool;1
dubai;1
carmichael;1
siam park;1
mars attacks;1
ray stevens lyrics;1
slim whitman;1
roy orbison;1
1952;2
song ray stevens;1
slim whitman lyrics;1
nell carter;1
fiji blue;1
joy;1
resident evil;1
tara;1
gameplay deutsch;1
michelle dockery;1
johnny hartman;1
treme;1
clifford brown;1
cake;1
song david lynch;1
kritik;1
song tony bennett;1
ricky nelson;1
walter donaldson;1
thad jones;1
angelic;1
fly trap;1
werbung;1
terraforming;1
pflege;1
delilah;1
delilah karaoke;1
delilah von plain white t's;1
delilah cover;1
delilah ukulele;1
delilah gitarre;1
delilah juice wrld;1
delilah remix;1
apashe;1
vlog;1
akon;1
thuy;1
beagle;1
alison moyet lyrics;1
white stripes;1
summer walker;1
petula clark;1
macklemore;1
train;1
r3hab;1
bavy;1
abbey;1
by your bootstraps;1
big krit;1
bobbie gentry original;1
text;1
lou donaldson;1
hank snow;1
without you;1
- happy republic;1
rascal flatts;1
jonathan mcreynolds;1
chris montez;1
valli;1
music in the air;1
rickie lee jones;1
jazz band;1
maybe;1
by your name;1
kevin;1
by your name trailer;1
when you want;1
maybe lyrics;1
if you get lost;1
you will never go cold or hungry lyrics;1
billy eckstine;1
eddie fisher;1
villagers;1
himym;1
- joan baez;1
- peter paul and mary;1
(bob dylan 1962);1
patsy cline karaoke;1
hank williams karaoke;1
leann rimes lyrics;1
tom hiddleston;1
hank williams lyrics;1
tears johnny winter;1
trap remix;1
hannah montana;1
camila cabello;1
brenda lee;1
leona lewis;1
deutsche übersetzung;2
black sabbath;1
death;1
4 trailer german;1
folks;1
i need;1
she wrote eminem;1
skitz kraven;1
i've got to say;1
i ask of you;1
i need to know joe cocker;1
gigi de lana lyrics;1
sarah geronimo;1
jimmy dorsey;1
to find a friend like you lyrics;1
selena;1
benjamin rice;1
pateta youtube;1
destino;1
gilberto gil;1
natalia lafourcade;1
bob dylan full album;1
songtext deutsch;1
changin watchmen;1
changin tracy chapman;1
amy macdonald;1
nazareth;1
travis scott;1
cats;1
lane;1
kane brown;1
cats karaoke;1
pc;1
bank;1
cats piano;1
chinese drama;1
musikalische merkmale;1
lead sheet;1
you'll miss me honey;1
sophie tucker;1
shelton brooks;1
new jack city;1
chopin;1
bailey;1
com t;1
de la lune;1
tank;1
teddy swims;1
priyanka chopra;1
dave thomas junior;1
(full version) - the temptations;1
migos;1
the undisputed truth;1
(single version) by the temptations;1
jurassic 5;1
jonathan kreisberg;1
1913;1
art lund;1
singing detective;1
the three suns;1
buddy clark;1
dropkick murphys;1
believer;1
jamin;1
in blue;1
ruelle;1
radar love;1
sound of the screaming day;1
dong dong diki digi dong;1
design;1
new design images;1
flute;1
uriah heep;1
fred stobaugh;1
cliff burwell;1
martika;1
melissa benoist;1
trenet;1
iglesias;1
dion and the belmonts;1
richard chamberlain;1
gwen guthrie;1
goodwin;1
york voices;1
porter;1
time;1
connick jr;1
blossom dearie;1
tommy emmanuel;1
poncho sanchez;1
alan baylock;1
coltrane;1
bread;1
queens of the stone age;1
full episode;2
andrew belle lyrics;1
queens of the stone age lyrics;1
eagles;1
falco;1
do re mi;1
sr44 blackhawk;1
and warm;1
spa;1
soyeon;1
city;1
town chris rea;1
you know never believe it's not so;1
pilot;1
in the summer;1
you know remix;1
mr bean;1
vixx;1
disturbed;1
the greatest showman;1
keala settle;1
tommy;1
deutsch tommy;1
penny;1
burger;1
taaj;1
precious;1
five finger death punch;1
phantom of the opera;1
reprise;1
skrillex;1
like i should;1
muse;1
no no nanette;1
in uttarakhand;1
in himachal pradesh;1
in mukteshwar;1
in mussoorie;1
in kasauli;1
ontario;1
newfangled four;1
faith no more;1
pare;1
carly simon;1
deanna durbin;1
this year;1
the hollies;1
bill medley;1
rambo 3;1
me lose my mind;1
herself;1
the people;1
me rhonda;1
me help you;1
fifty shades of grey;1
vocal;1
on va où;1
gilbert becaud live;1
gilbert becaud;1
gilbert becaud lyrics;1
que vais je faire;1
johnny hallyday;1
isabelle boulay;1
hall and oates;1
the bates;1
gareth gates;1
the outfield;1
joe;1
little anthony and the imperials;1
the zombies;1
the lettermen;1
little anthony and the imperials lyrics;1
nana mouskouri;1
scott ragsdale;1
stacey kent;1
ramzoid;1
charlie's song;1
ende;1
tarot;1
let the sunshine in;1
august 2021;1
let the sunshine in original;1
june 2021;1
july 2021;1
juan diego flórez;1
andrea bocelli;1
consuelo velázquez;1
translation;1
jeremias lyrics;1
birthday;1
birthday to you;1
birthday song;1
tree friends;1
sweat;1
birthday lustig;1
neil diamond guitar lesson;1
neil diamond cover;1
aeturnus;1
in e minor;1
hybrid minds;1
candlemass;1
rennstrecke;1
warzone;1
aeturnus full album;1
keyboard;1
hope;1
juicy wrld lyrics;1
juice wrld lyrics;1
singing in the rain;1
ziegfeld girl;1
piece;1
direction;1
more time;1
republic;1
punch man;1
is here now;1
back to the future;1
and i was the only boy;1
ben e king;1
orchestra;1
willy deville lyrics;1
mattijs muller;1
91 nova;1
don shirley;1
gerald martin;1
kris bowers;1
rosetta tharpe;1
andy griffith;1
eden ahbez;1
ric flair;1
backing track no piano;1
